player_key,player_name,first_name,last_name,dob,height_cm,weight_kg,position,draft_year,draft_pick
1,"Aarts, Jake",Jake,Aarts,,,,,,
2,"Abbott, Ryan",Ryan,Abbott,,,,,,
3,"Ablett, Gary",Gary,Ablett,,,,,,
4,"Acres, Blake",Blake,Acres,,,,,,
5,"Adams, Jed",Jed,Adams,,,,,,
6,"Adams, Leigh",Leigh,Adams,,,,,,
7,"Adams, Marcus",Marcus,Adams,,,,,,
8,"Adams, Oscar",Oscar,Adams,,,,,,
9,"Adams, Taylor",Taylor,Adams,,,,,,
10,"Adcock, Jed",Jed,Adcock,,,,,,
11,"Addison, Dylan",Dylan,Addison,,,,,,
12,"Ah Chee, Brendon",Brendon,Ah Chee,,,,,,
13,"Ah Chee, Callum",Callum,Ah Chee,,,,,,
14,"Ahern, Paul",Paul,Ahern,,,,,,
15,"Ainsworth, Ben",Ben,Ainsworth,,,,,,
16,"Ainsworth, Brayden",Brayden,Ainsworth,,,,,,
17,"Aish, James",James,Aish,,,,,,
18,"Aleer, Leek",Leek,Aleer,,,,,,
19,"Alger, Jasper",Jasper,Alger,,,,,,
20,"Aliir, Aliir",Aliir,Aliir,,,,,,
21,"Allan, Bo",Bo,Allan,,,,,,
22,"Allan, Edward",Edward,Allan,,,,,,
23,"Allen, Jackson",Jackson,Allen,,,,,,
24,"Allen, Oscar",Oscar,Allen,,,,,,
25,"Allison, Jacob",Jacob,Allison,,,,,,
26,"Amartey, Joel",Joel,Amartey,,,,,,
27,"Ambrose, Patrick",Patrick,Ambrose,,,,,,
28,"Amiss, Jye",Jye,Amiss,,,,,,
29,"Amon, Karl",Karl,Amon,,,,,,
30,"Anderson, Angus",Angus,Anderson,,,,,,
31,"Anderson, Jed",Jed,Anderson,,,,,,
32,"Anderson, Noah",Noah,Anderson,,,,,,
33,"Andrew, Mac",Mac,Andrew,,,,,,
34,"Andrews, Harris",Harris,Andrews,,,,,,
35,"Angove, Cody",Cody,Angove,,,,,,
36,"Angwin, Ryan",Ryan,Angwin,,,,,,
37,"Annable, Daniel",Daniel,Annable,,,,,,
38,"Answerth, Noah",Noah,Answerth,,,,,,
39,"Anthony, John",John,Anthony,,,,,,
40,"Anthony, Liam",Liam,Anthony,,,,,,
41,"Apeness, Michael",Michael,Apeness,,,,,,
42,"Appleby, Flynn",Flynn,Appleby,,,,,,
43,"Archer, Jackson",Jackson,Archer,,,,,,
44,"Armfield, Dennis",Dennis,Armfield,,,,,,
45,"Armitage, David",David,Armitage,,,,,,
46,"Armstrong, Harry",Harry,Armstrong,,,,,,
47,"Armstrong, Tony",Tony,Armstrong,,,,,,
48,"Arnot, Matt",Matt,Arnot,,,,,,
49,"Ash, Lachie",Lachie,Ash,,,,,,
50,"Ashby, Jason",Jason,Ashby,,,,,,
51,"Ashcroft, Levi",Levi,Ashcroft,,,,,,
52,"Ashcroft, Will",Will,Ashcroft,,,,,,
53,"Astbury, David",David,Astbury,,,,,,
54,"Atkins, Rory",Rory,Atkins,,,,,,
55,"Atkins, Tom",Tom,Atkins,,,,,,
56,"Atley, Joe",Joe,Atley,,,,,,
57,"Atley, Shaun",Shaun,Atley,,,,,,
58,"Austin, Logan",Logan,Austin,,,,,,
59,"Austin, Mark",Mark,Austin,,,,,,
60,"Aylett, Kurt",Kurt,Aylett,,,,,,
61,"Baguley, Mark",Mark,Baguley,,,,,,
62,"Bail, Rohan",Rohan,Bail,,,,,,
63,"Bailey, Max",Max,Bailey,,,,,,
64,"Bailey, Zac",Zac,Bailey,,,,,,
65,"Baker, Liam",Liam,Baker,,,,,,
66,"Baker, Oskar",Oskar,Baker,,,,,,
67,"Baldwin, Kaine",Kaine,Baldwin,,,,,,
68,"Balic, Harley",Harley,Balic,,,,,,
69,"Ball, Luke",Luke,Ball,,,,,,
70,"Ballantyne, Hayden",Hayden,Ballantyne,,,,,,
71,"Ballard, Charlie",Charlie,Ballard,,,,,,
72,"Ballard, Jacob",Jacob,Ballard,,,,,,
73,"Ballenden, Connor",Connor,Ballenden,,,,,,
74,"Balta, Noah",Noah,Balta,,,,,,
75,"Banch, Zac",Zac,Banch,,,,,,
76,"Banfield, Bailey",Bailey,Banfield,,,,,,
77,"Banfield, Todd",Todd,Banfield,,,,,,
78,"Banks, Sam",Sam,Banks,,,,,,
79,"Barlow, Michael",Michael,Barlow,,,,,,
80,"Barnett, Harry",Harry,Barnett,,,,,,
81,"Barrass, Tom",Tom,Barrass,,,,,,
82,"Barrett, Jake",Jake,Barrett,,,,,,
83,"Barry, Dom",Dom,Barry,,,,,,
84,"Bartel, Jimmy",Jimmy,Bartel,,,,,,
85,"Bartram, Clint",Clint,Bartram,,,,,,
86,"Bastinac, Ryan",Ryan,Bastinac,,,,,,
87,"Batchelor, Jake",Jake,Batchelor,,,,,,
88,"Bate, Matthew",Matthew,Bate,,,,,,
89,"Bateman, Chance",Chance,Bateman,,,,,,
90,"Battle, Josh",Josh,Battle,,,,,,
91,"Bauer, Jacob",Jacob,Bauer,,,,,,
92,"Bazzo, Rhett",Rhett,Bazzo,,,,,,
93,"Beams, Claye",Claye,Beams,,,,,,
94,"Beams, Dayne",Dayne,Beams,,,,,,
95,"Beasley, Hugh",Hugh,Beasley,,,,,,
96,"Bedendo, Dominic",Dominic,Bedendo,,,,,,
97,"Bedford, Toby",Toby,Bedford,,,,,,
98,"Beech, Jonathon",Jonathon,Beech,,,,,,
99,"Beecken, Luke",Luke,Beecken,,,,,,
100,"Begg, Aiden",Aiden,Begg,,,,,,
101,"Begley, Josh",Josh,Begley,,,,,,
102,"Bell, James",James,Bell,,,,,,
103,"Bell, Tom",Tom,Bell,,,,,,
104,"Bellchambers, Tom",Tom,Bellchambers,,,,,,
105,"Bennell, Harley",Harley,Bennell,,,,,,
106,"Bennell, Jamie",Jamie,Bennell,,,,,,
107,"Bergman, Miles",Miles,Bergman,,,,,,
108,"Bergman, Miller",Miller,Bergman,,,,,,
109,"Berry, Jarrod",Jarrod,Berry,,,,,,
110,"Berry, Joe",Joe,Berry,,,,,,
111,"Berry, Sam",Sam,Berry,,,,,,
112,"Berry, Tom",Tom,Berry,,,,,,
113,"Betts, Eddie",Eddie,Betts,,,,,,
114,"Bewick, Rohan",Rohan,Bewick,,,,,,
115,"Bewley, Brett",Brett,Bewley,,,,,,
116,"Bews, Jed",Jed,Bews,,,,,,
117,"Bianco, Trent",Trent,Bianco,,,,,,
118,"Bice, Riley",Riley,Bice,,,,,,
119,"Biggs, Shane",Shane,Biggs,,,,,,
120,"Billings, Jack",Jack,Billings,,,,,,
121,"Binns, Jaxon",Jaxon,Binns,,,,,,
122,"Birchall, Grant",Grant,Birchall,,,,,,
123,"Bird, Craig",Craig,Bird,,,,,,
124,"Black, Aaron",Aaron,Black,,,,,,
125,"Black, Simon",Simon,Black,,,,,,
126,"Blair, Jarryd",Jarryd,Blair,,,,,,
127,"Blake, Jason",Jason,Blake,,,,,,
128,"Blakely, Connor",Connor,Blakely,,,,,,
129,"Blakey, Nick",Nick,Blakey,,,,,,
130,"Blakiston, Lachlan",Lachlan,Blakiston,,,,,,
131,"Blamires, Tom",Tom,Blamires,,,,,,
132,"Blanck, James",James,Blanck,,,,,,
133,"Blease, Sam",Sam,Blease,,,,,,
134,"Blee, Nathan",Nathan,Blee,,,,,,
135,"Blicavs, Mark",Mark,Blicavs,,,,,,
136,"Blight, Jacob",Jacob,Blight,,,,,,
137,"Boak, Travis",Travis,Boak,,,,,,
138,"Bock, Nathan",Nathan,Bock,,,,,,
139,"Boekhorst, Blaine",Blaine,Boekhorst,,,,,,
140,"Bolton, Jude",Jude,Bolton,,,,,,
141,"Bolton, Shai",Shai,Bolton,,,,,,
142,"Bonar, Aiden",Aiden,Bonar,,,,,,
143,"Bond, Hugh",Hugh,Bond,,,,,,
144,"Bonner, Riley",Riley,Bonner,,,,,,
145,"Bontempelli, Marcus",Marcus,Bontempelli,,,,,,
146,"Bootsma, Josh",Josh,Bootsma,,,,,,
147,"Borlase, James",James,Borlase,,,,,,
148,"Bosenavulagi, Atu",Atu,Bosenavulagi,,,,,,
149,"Boston, Andrew",Andrew,Boston,,,,,,
150,"Boumann, Jarrad",Jarrad,Boumann,,,,,,
151,"Bourke, Jordon",Jordon,Bourke,,,,,,
152,"Bower, Paul",Paul,Bower,,,,,,
153,"Bowes, Jack",Jack,Bowes,,,,,,
154,"Bowey, Jake",Jake,Bowey,,,,,,
155,"Boxshall, Hugh",Hugh,Boxshall,,,,,,
156,"Boyd, Harry",Harry,Boyd,,,,,,
157,"Boyd, Jordan",Jordan,Boyd,,,,,,
158,"Boyd, Matthew",Matthew,Boyd,,,,,,
159,"Boyd, Tom",Tom,Boyd,,,,,,
160,"Bradley, Kepler",Kepler,Bradley,,,,,,
161,"Brain, Shadeau",Shadeau,Brain,,,,,,
162,"Bramble, Lachlan",Lachlan,Bramble,,,,,,
163,"Brand, Kaiden",Kaiden,Brand,,,,,,
164,"Brander, Jarrod",Jarrod,Brander,,,,,,
165,"Brayshaw, Andrew",Andrew,Brayshaw,,,,,,
166,"Brayshaw, Angus",Angus,Brayshaw,,,,,,
167,"Brayshaw, Hamish",Hamish,Brayshaw,,,,,,
168,"Brennan, Jacob",Jacob,Brennan,,,,,,
169,"Brennan, Jared",Jared,Brennan,,,,,,
170,"Breust, Luke",Luke,Breust,,,,,,
171,"Briggs, Kieren",Kieren,Briggs,,,,,,
172,"Broad, Nathan",Nathan,Broad,,,,,,
173,"Broadbent, Matthew",Matthew,Broadbent,,,,,,
174,"Brock, Sandy",Sandy,Brock,,,,,,
175,"Brockman, Tyler",Tyler,Brockman,,,,,,
176,"Brodie, Will",Will,Brodie,,,,,,
177,"Brogan, Dean",Dean,Brogan,,,,,,
178,"Brooksby, Keegan",Keegan,Brooksby,,,,,,
179,"Broomhead, Tim",Tim,Broomhead,,,,,,
180,"Broughton, Greg",Greg,Broughton,,,,,,
181,"Brown, Ben",Ben,Brown,,,,,,
182,"Brown, Callum",Callum,Brown,,,,,,
183,"Brown, Campbell",Campbell,Brown,,,,,,
184,"Brown, Jonathan",Jonathan,Brown,,,,,,
185,"Brown, Kynan",Kynan,Brown,,,,,,
186,"Brown, Luke",Luke,Brown,,,,,,
187,"Brown, Mitch",Mitch,Brown,,,,,,
188,"Brown, Nathan",Nathan,Brown,,,,,,
189,"Brown, Tom",Tom,Brown,,,,,,
190,"Brown, Tyler",Tyler,Brown,,,,,,
191,"Browne, Alex",Alex,Browne,,,,,,
192,"Bruce, Cameron",Cameron,Bruce,,,,,,
193,"Bruce, Josh",Josh,Bruce,,,,,,
194,"Bruhn, Tanner",Tanner,Bruhn,,,,,,
195,"Bryan, Nick",Nick,Bryan,,,,,,
196,"Buchanan, Amon",Amon,Buchanan,,,,,,
197,"Buckley, Dylan",Dylan,Buckley,,,,,,
198,"Buckley, Jack",Jack,Buckley,,,,,,
199,"Buckley, Simon",Simon,Buckley,,,,,,
200,"Budarick, Connor",Connor,Budarick,,,,,,
201,"Bugg, Tomas",Tomas,Bugg,,,,,,
202,"Buller, Jack",Jack,Buller,,,,,,
203,"Buntine, Matt",Matt,Buntine,,,,,,
204,"Burbury, George",George,Burbury,,,,,,
205,"Burgess, Chris",Chris,Burgess,,,,,,
206,"Burgoyne, Jase",Jase,Burgoyne,,,,,,
207,"Burgoyne, Shaun",Shaun,Burgoyne,,,,,,
208,"Burton, Ryan",Ryan,Burton,,,,,,
209,"Burton, Tom",Tom,Burton,,,,,,
210,"Busslinger, Jedd",Jedd,Busslinger,,,,,,
211,"Butcher, John",John,Butcher,,,,,,
212,"Butler, Dan",Dan,Butler,,,,,,
213,"Butler, Louis",Louis,Butler,,,,,,
214,"Butler, Sam",Sam,Butler,,,,,,
215,"Butters, Zak",Zak,Butters,,,,,,
216,"Butts, Jordon",Jordon,Butts,,,,,,
217,"Buzza, Wylie",Wylie,Buzza,,,,,,
218,"Byrne, Ciaran",Ciaran,Byrne,,,,,,
219,"Byrne, Talor",Talor,Byrne,,,,,,
220,"Byrne-Jones, Darcy",Darcy,Byrne-Jones,,,,,,
221,"Byrnes, Ryan",Ryan,Byrnes,,,,,,
222,"Byrnes, Shannon",Shannon,Byrnes,,,,,,
223,"Bytel, Jack",Jack,Bytel,,,,,,
224,"Cachia, Jaryd",Jaryd,Cachia,,,,,,
225,"Caddy, Josh",Josh,Caddy,,,,,,
226,"Caddy, Nate",Nate,Caddy,,,,,,
227,"Cadman, Aaron",Aaron,Cadman,,,,,,
228,"Cahill, Ned",Ned,Cahill,,,,,,
229,"Caldwell, Jye",Jye,Caldwell,,,,,,
230,"Callaghan, Finn",Finn,Callaghan,,,,,,
231,"Callinan, Ian",Ian,Callinan,,,,,,
232,"Callow, Jackson",Jackson,Callow,,,,,,
233,"Cameron, Charlie",Charlie,Cameron,,,,,,
234,"Cameron, Clay",Clay,Cameron,,,,,,
235,"Cameron, Darcy",Darcy,Cameron,,,,,,
236,"Cameron, Jarrod",Jarrod,Cameron,,,,,,
237,"Cameron, Jeremy",Jeremy,Cameron,,,,,,
238,"Caminiti, Anthony",Anthony,Caminiti,,,,,,
239,"Campbell, Braeden",Braeden,Campbell,,,,,,
240,"Campbell, Matt",Matt,Campbell,,,,,,
241,"Campbell, Seth",Seth,Campbell,,,,,,
242,"Campbell, Tom",Tom,Campbell,,,,,,
243,"Camporeale, Lucas",Lucas,Camporeale,,,,,,
244,"Carlile, Alipate",Alipate,Carlile,,,,,,
245,"Carlisle, Jake",Jake,Carlisle,,,,,,
246,"Carmichael, Josh",Josh,Carmichael,,,,,,
247,"Carrazzo, Andrew",Andrew,Carrazzo,,,,,,
248,"Carroll, Jack",Jack,Carroll,,,,,,
249,"Carroll, Matt",Matt,Carroll,,,,,,
250,"Carter, Adam",Adam,Carter,,,,,,
251,"Carter, Jason",Jason,Carter,,,,,,
252,"Casboult, Levi",Levi,Casboult,,,,,,
253,"Cassisi, Domenic",Domenic,Cassisi,,,,,,
254,"Castagna, Jason",Jason,Castagna,,,,,,
255,"Cavarra, Ben",Ben,Cavarra,,,,,,
256,"Ceglar, Jonathon",Jonathon,Ceglar,,,,,,
257,"Cerra, Adam",Adam,Cerra,,,,,,
258,"Champion, Malakai",Malakai,Champion,,,,,,
259,"Chandler, Kade",Kade,Chandler,,,,,,
260,"Chaplin, Troy",Troy,Chaplin,,,,,,
261,"Chapman, Heath",Heath,Chapman,,,,,,
262,"Chapman, Paul",Paul,Chapman,,,,,,
263,"Cheney, Kyle",Kyle,Cheney,,,,,,
264,"Chesser, Campbell",Campbell,Chesser,,,,,,
265,"Chol, Mabior",Mabior,Chol,,,,,,
266,"Christensen, Allen",Allen,Christensen,,,,,,
267,"Chugg, Isaac",Isaac,Chugg,,,,,,
268,"Cincotta, Alex",Alex,Cincotta,,,,,,
269,"Clark, Greg",Greg,Clark,,,,,,
270,"Clark, Hunter",Hunter,Clark,,,,,,
271,"Clark, Jhye",Jhye,Clark,,,,,,
272,"Clark, Jordan",Jordan,Clark,,,,,,
273,"Clark, Mitch",Mitch,Clark,,,,,,
274,"Clarke, Angus",Angus,Clarke,,,,,,
275,"Clarke, Charlie",Charlie,Clarke,,,,,,
276,"Clarke, Dylan",Dylan,Clarke,,,,,,
277,"Clarke, Judson",Judson,Clarke,,,,,,
278,"Clarke, Justin",Justin,Clarke,,,,,,
279,"Clarke, Martin",Martin,Clarke,,,,,,
280,"Clarke, Raphael",Raphael,Clarke,,,,,,
281,"Clarke, Ryan",Ryan,Clarke,,,,,,
282,"Clarke, Zac",Zac,Clarke,,,,,,
283,"Clavarino, Oscar",Oscar,Clavarino,,,,,,
284,"Clayton, Josh",Josh,Clayton,,,,,,
285,"Cleary, Caiden",Caiden,Cleary,,,,,,
286,"Cleary, Luke",Luke,Cleary,,,,,,
287,"Clifton, Steve",Steve,Clifton,,,,,,
288,"Clisby, Mitch",Mitch,Clisby,,,,,,
289,"Clohesy, Sam",Sam,Clohesy,,,,,,
290,"Clohesy, Ted",Ted,Clohesy,,,,,,
291,"Cloke, Travis",Travis,Cloke,,,,,,
292,"Close, Brad",Brad,Close,,,,,,
293,"Close, Michael",Michael,Close,,,,,,
294,"Clurey, Tom",Tom,Clurey,,,,,,
295,"Coad, Michael",Michael,Coad,,,,,,
296,"Cochrane, Tom",Tom,Cochrane,,,,,,
297,"Cockatoo, Nakia",Nakia,Cockatoo,,,,,,
298,"Coffield, Nick",Nick,Coffield,,,,,,
299,"Cole, Tom",Tom,Cole,,,,,,
300,"Coleman, Keidean",Keidean,Coleman,,,,,,
301,"Coleman-Jones, Callum",Callum,Coleman-Jones,,,,,,
302,"Collard, Lance",Lance,Collard,,,,,,
303,"Colledge, Brant",Brant,Colledge,,,,,,
304,"Collier-Dawkins, Riley",Riley,Collier-Dawkins,,,,,,
305,"Collins, Andrew",Andrew,Collins,,,,,,
306,"Collins, Kieran",Kieran,Collins,,,,,,
307,"Collins, Sam",Sam,Collins,,,,,,
308,"Colquhoun, Sam",Sam,Colquhoun,,,,,,
309,"Colyer, Travis",Travis,Colyer,,,,,,
310,"Comben, Charlie",Charlie,Comben,,,,,,
311,"Conca, Reece",Reece,Conca,,,,,,
312,"Coniglio, Stephen",Stephen,Coniglio,,,,,,
313,"Connolly, Leo",Leo,Connolly,,,,,,
314,"Connors, Daniel",Daniel,Connors,,,,,,
315,"Constable, Charlie",Charlie,Constable,,,,,,
316,"Conway, Toby",Toby,Conway,,,,,,
317,"Cook, Brayden",Brayden,Cook,,,,,,
318,"Cooney, Adam",Adam,Cooney,,,,,,
319,"Cootee, Billy",Billy,Cootee,,,,,,
320,"Cooyou, Rhys",Rhys,Cooyou,,,,,,
321,"Corbett, Josh",Josh,Corbett,,,,,,
322,"Cordy, Ayce",Ayce,Cordy,,,,,,
323,"Cordy, Zaine",Zaine,Cordy,,,,,,
324,"Corey, Joel",Joel,Corey,,,,,,
325,"Cornelius, Aaron",Aaron,Cornelius,,,,,,
326,"Cornes, Chad",Chad,Cornes,,,,,,
327,"Cornes, Kane",Kane,Cornes,,,,,,
328,"Corr, Aidan",Aidan,Corr,,,,,,
329,"Cotchin, Trent",Trent,Cotchin,,,,,,
330,"Cottrell, Matthew",Matthew,Cottrell,,,,,,
331,"Couch, Tom",Tom,Couch,,,,,,
332,"Coulthard, Matthew",Matthew,Coulthard,,,,,,
333,"Cousins, James",James,Cousins,,,,,,
334,"Cowan, Josh",Josh,Cowan,,,,,,
335,"Cowan, Lachlan",Lachlan,Cowan,,,,,,
336,"Cox, Brennan",Brennan,Cox,,,,,,
337,"Cox, Cedric",Cedric,Cox,,,,,,
338,"Cox, Dean",Dean,Cox,,,,,,
339,"Cox, Mason",Mason,Cox,,,,,,
340,"Cox, Nik",Nik,Cox,,,,,,
341,"Crameri, Stewart",Stewart,Crameri,,,,,,
342,"Crichton, Jesse",Jesse,Crichton,,,,,,
343,"Cripps, Jamie",Jamie,Cripps,,,,,,
344,"Cripps, Patrick",Patrick,Cripps,,,,,,
345,"Crisp, Jack",Jack,Crisp,,,,,,
346,"Crocker, Ben",Ben,Crocker,,,,,,
347,"Croft, Jordan",Jordan,Croft,,,,,,
348,"Cross, Daniel",Daniel,Cross,,,,,,
349,"Cross, Paddy",Paddy,Cross,,,,,,
350,"Crossley, Brayden",Brayden,Crossley,,,,,,
351,"Crouch, Brad",Brad,Crouch,,,,,,
352,"Crouch, Matt",Matt,Crouch,,,,,,
353,"Crowden, Mitch",Mitch,Crowden,,,,,,
354,"Crowley, Ryan",Ryan,Crowley,,,,,,
355,"Crozier, Hayden",Hayden,Crozier,,,,,,
356,"Culley, Jai",Jai,Culley,,,,,,
357,"Cumberland, Noah",Noah,Cumberland,,,,,,
358,"Cumming, Isaac",Isaac,Cumming,,,,,,
359,"Cumming, Sam",Sam,Cumming,,,,,,
360,"Cunico, Jordan",Jordan,Cunico,,,,,,
361,"Cuningham, David",David,Cuningham,,,,,,
362,"Cunningham, Harry",Harry,Cunningham,,,,,,
363,"Cunnington, Ben",Ben,Cunnington,,,,,,
364,"Curnow, Charlie",Charlie,Curnow,,,,,,
365,"Curnow, Ed",Ed,Curnow,,,,,,
366,"Curren, Tom",Tom,Curren,,,,,,
367,"Currie, Daniel",Daniel,Currie,,,,,,
368,"Curtin, Cody",Cody,Curtin,,,,,,
369,"Curtin, Daniel",Daniel,Curtin,,,,,,
370,"Curtis, Paul",Paul,Curtis,,,,,,
371,"Cutler, Tom",Tom,Cutler,,,,,,
372,"DAmbrosio, Massimo",Massimo,DAmbrosio,,,,,,
373,"Dahlhaus, Luke",Luke,Dahlhaus,,,,,,
374,"Daicos, Josh",Josh,Daicos,,,,,,
375,"Daicos, Nick",Nick,Daicos,,,,,,
376,"Dal Santo, Nick",Nick,Dal Santo,,,,,,
377,"Dale, Bailey",Bailey,Dale,,,,,,
378,"Dale, Frazer",Frazer,Dale,,,,,,
379,"Dalgleish, Lauchlan",Lauchlan,Dalgleish,,,,,,
380,"Dalton, Jack",Jack,Dalton,,,,,,
381,"Dalziell, Bradd",Bradd,Dalziell,,,,,,
382,"Dangerfield, Patrick",Patrick,Dangerfield,,,,,,
383,"Daniel, Caleb",Caleb,Daniel,,,,,,
384,"Daniels, Brent",Brent,Daniels,,,,,,
385,"Daniher, Joe",Joe,Daniher,,,,,,
386,"Darcy, Sam",Sam,Darcy,,,,,,
387,"Darcy, Sean",Sean,Darcy,,,,,,
388,"Darley, Sam",Sam,Darley,,,,,,
389,"Darling, Jack",Jack,Darling,,,,,,
390,"Dattoli, Jesse",Jesse,Dattoli,,,,,,
391,"Davey, Aaron",Aaron,Davey,,,,,,
392,"Davey, Alwyn",Alwyn,Davey,,,,,,
393,"Davidson, Sam",Sam,Davidson,,,,,,
394,"Davies, Alex",Alex,Davies,,,,,,
395,"Davies, Hugh",Hugh,Davies,,,,,,
396,"Davies, Marcus",Marcus,Davies,,,,,,
397,"Davies-Uniacke, Luke",Luke,Davies-Uniacke,,,,,,
398,"Davis, Ben",Ben,Davis,,,,,,
399,"Davis, Hamish",Hamish,Davis,,,,,,
400,"Davis, Phil",Phil,Davis,,,,,,
401,"Davis, Ryan",Ryan,Davis,,,,,,
402,"Davis, Troy",Troy,Davis,,,,,,
403,"Daw, Majak",Majak,Daw,,,,,,
404,"Dawes, Chris",Chris,Dawes,,,,,,
405,"Dawson, Jacob",Jacob,Dawson,,,,,,
406,"Dawson, Jordan",Jordan,Dawson,,,,,,
407,"Dawson, Kallan",Kallan,Dawson,,,,,,
408,"Dawson, Liam",Liam,Dawson,,,,,,
409,"Dawson, Wil",Wil,Dawson,,,,,,
410,"Dawson, Zac",Zac,Dawson,,,,,,
411,"Day, Sam",Sam,Day,,,,,,
412,"Day, Will",Will,Day,,,,,,
413,"Day-Wicks, Archer",Archer,Day-Wicks,,,,,,
414,"De Koning, Sam",Sam,De Koning,,,,,,
415,"De Koning, Tom",Tom,De Koning,,,,,,
416,"Dea, Matt",Matt,Dea,,,,,,
417,"Dean, Charlie",Charlie,Dean,,,,,,
418,"Dean, Harry",Harry,Dean,,,,,,
419,"Dear, Calsher",Calsher,Dear,,,,,,
420,"Delana, Josaia",Josaia,Delana,,,,,,
421,"Delaney, Cameron",Cameron,Delaney,,,,,,
422,"Delaney, Luke",Luke,Delaney,,,,,,
423,"Deledio, Brett",Brett,Deledio,,,,,,
424,"DellOlio, Cory",Cory,DellOlio,,,,,,
425,"Deluca, Josh",Josh,Deluca,,,,,,
426,"Dempsey, Courtenay",Courtenay,Dempsey,,,,,,
427,"Dempsey, Oliver",Oliver,Dempsey,,,,,,
428,"Dempster, Sean",Sean,Dempster,,,,,,
429,"Dennis-Lane, Trent",Trent,Dennis-Lane,,,,,,
430,"Derickx, Tom",Tom,Derickx,,,,,,
431,"Derksen, Wade",Wade,Derksen,,,,,,
432,"Dewar, Angus",Angus,Dewar,,,,,,
433,"Dewar, Tyrell",Tyrell,Dewar,,,,,,
434,"Dick, Matthew",Matthew,Dick,,,,,,
435,"Dickson, Tory",Tory,Dickson,,,,,,
436,"Didak, Alan",Alan,Didak,,,,,,
437,"Dixon, Charlie",Charlie,Dixon,,,,,,
438,"Dixon, Hugh",Hugh,Dixon,,,,,,
439,"Djerrkura, Nathan",Nathan,Djerrkura,,,,,,
440,"Docherty, Sam",Sam,Docherty,,,,,,
441,"Dodson, Alex",Alex,Dodson,,,,,,
442,"Doedee, Tom",Tom,Doedee,,,,,,
443,"Dolan, Josh",Josh,Dolan,,,,,,
444,"Doughty, Michael",Michael,Doughty,,,,,,
445,"Douglas, Richard",Richard,Douglas,,,,,,
446,"Dovaston, Lachy",Lachy,Dovaston,,,,,,
447,"Dow, Paddy",Paddy,Dow,,,,,,
448,"Dow, Thomson",Thomson,Dow,,,,,,
449,"Dowling, Billy",Billy,Dowling,,,,,,
450,"Downie, Connor",Connor,Downie,,,,,,
451,"Downie, Tom",Tom,Downie,,,,,,
452,"Draper, Josh",Josh,Draper,,,,,,
453,"Draper, Sam",Sam,Draper,,,,,,
454,"Draper, Sid",Sid,Draper,,,,,,
455,"Drew, Willem",Willem,Drew,,,,,,
456,"Drummond, Josh",Josh,Drummond,,,,,,
457,"Drummond, Nathan",Nathan,Drummond,,,,,,
458,"Drury, Blake",Blake,Drury,,,,,,
459,"Dudley, Isaiah",Isaiah,Dudley,,,,,,
460,"Duff-Tytler, Cooper",Cooper,Duff-Tytler,,,,,,
461,"Duffield, Paul",Paul,Duffield,,,,,,
462,"Duffy, Max",Max,Duffy,,,,,,
463,"Duggan, Liam",Liam,Duggan,,,,,,
464,"Duigan, Nick",Nick,Duigan,,,,,,
465,"Duman, Taylin",Taylin,Duman,,,,,,
466,"Dumont, Trent",Trent,Dumont,,,,,,
467,"Duncan, Mitch",Mitch,Duncan,,,,,,
468,"Dunell, Sam",Sam,Dunell,,,,,,
469,"Dunkley, Josh",Josh,Dunkley,,,,,,
470,"Dunkley, Kyle",Kyle,Dunkley,,,,,,
471,"Dunn, Lynden",Lynden,Dunn,,,,,,
472,"Dunstan, Luke",Luke,Dunstan,,,,,,
473,"Durdin, Corey",Corey,Durdin,,,,,,
474,"Durdin, Sam",Sam,Durdin,,,,,,
475,"Durham, Sam",Sam,Durham,,,,,,
476,"Duryea, Taylor",Taylor,Duryea,,,,,,
477,"Duursma, Willem",Willem,Duursma,,,,,,
478,"Duursma, Xavier",Xavier,Duursma,,,,,,
479,"Duursma, Zane",Zane,Duursma,,,,,,
480,"Dwyer, Sam",Sam,Dwyer,,,,,,
481,"Dyson, Ricky",Ricky,Dyson,,,,,,
482,"Eagles, Matt",Matt,Eagles,,,,,,
483,"Ebert, Brad",Brad,Ebert,,,,,,
484,"Ebert, Brett",Brett,Ebert,,,,,,
485,"Eddy, Brett",Brett,Eddy,,,,,,
486,"Edwards, Aaron",Aaron,Edwards,,,,,,
487,"Edwards, Charlie",Charlie,Edwards,,,,,,
488,"Edwards, Harry",Harry,Edwards,,,,,,
489,"Edwards, Luke",Luke,Edwards,,,,,,
490,"Edwards, Mitchell",Mitchell,Edwards,,,,,,
491,"Edwards, Shane",Shane,Edwards,,,,,,
492,"Edwards, Shaun",Shaun,Edwards,,,,,,
493,"Edwards, Tom",Tom,Edwards,,,,,,
494,"Edwards, Will",Will,Edwards,,,,,,
495,"Eggmolesse-Smith, Derek",Derek,Eggmolesse-Smith,,,,,,
496,"El Achkar, Hussien",Hussien,El Achkar,,,,,,
497,"El-Hawli, Saad",Saad,El-Hawli,,,,,,
498,"Ellard, David",David,Ellard,,,,,,
499,"Elliott, Jamie",Jamie,Elliott,,,,,,
500,"Ellis, Brandon",Brandon,Ellis,,,,,,
501,"Ellis, Corey",Corey,Ellis,,,,,,
502,"Ellis, Xavier",Xavier,Ellis,,,,,,
503,"Ellis-Yolmen, Cam",Cam,Ellis-Yolmen,,,,,,
504,"Elton, Todd",Todd,Elton,,,,,,
505,"Embley, Andrew",Andrew,Embley,,,,,,
506,"Emmett, Louis",Louis,Emmett,,,,,,
507,"Emmett, Tom",Tom,Emmett,,,,,,
508,"English, Tim",Tim,English,,,,,,
509,"Enright, Corey",Corey,Enright,,,,,,
510,"Erasmus, Neil",Neil,Erasmus,,,,,,
511,"Evans, Billy",Billy,Evans,,,,,,
512,"Evans, Francis",Francis,Evans,,,,,,
513,"Evans, Logan",Logan,Evans,,,,,,
514,"Evans, Michael",Michael,Evans,,,,,,
515,"Everitt, Andrejs",Andrejs,Everitt,,,,,,
516,"Fahey, Josh",Josh,Fahey,,,,,,
517,"Fantasia, Orazio",Orazio,Fantasia,,,,,,
518,"Farrar, Jy",Jy,Farrar,,,,,,
519,"Farrell, Kane",Kane,Farrell,,,,,,
520,"Farrow, Jacob",Jacob,Farrow,,,,,,
521,"Fasolo, Alex",Alex,Fasolo,,,,,,
522,"Faulks, Peter",Peter,Faulks,,,,,,
523,"Faull, Jonty",Jonty,Faull,,,,,,
524,"Fawcett, Liam",Liam,Fawcett,,,,,,
525,"Ferguson, Jackson",Jackson,Ferguson,,,,,,
526,"Fields, Tom",Tom,Fields,,,,,,
527,"Finlayson, Jeremy",Jeremy,Finlayson,,,,,,
528,"Fiorini, Brayden",Brayden,Fiorini,,,,,,
529,"Firrito, Michael",Michael,Firrito,,,,,,
530,"Fisher, Sam",Sam,Fisher,,,,,,
531,"Fisher, Zac",Zac,Fisher,,,,,,
532,"Fitzpatrick, Jack",Jack,Fitzpatrick,,,,,,
533,"Flanagan, Piers",Piers,Flanagan,,,,,,
534,"Flanders, Sam",Sam,Flanders,,,,,,
535,"Fleeton, Cameron",Cameron,Fleeton,,,,,,
536,"Fletcher, Dustin",Dustin,Fletcher,,,,,,
537,"Fletcher, Jaspa",Jaspa,Fletcher,,,,,,
538,"Florenca, Jake",Jake,Florenca,,,,,,
539,"Florent, Oliver",Oliver,Florent,,,,,,
540,"Flynn, Matt",Matt,Flynn,,,,,,
541,"Fogarty, Darcy",Darcy,Fogarty,,,,,,
542,"Fogarty, Lachie",Lachie,Fogarty,,,,,,
543,"Folau, Israel",Israel,Folau,,,,,,
544,"Foley, Luke",Luke,Foley,,,,,,
545,"Foley, Nathan",Nathan,Foley,,,,,,
546,"Fonti, Joe",Joe,Fonti,,,,,,
547,"Foot, Zac",Zac,Foot,,,,,,
548,"Foote, Jordan",Jordan,Foote,,,,,,
549,"Ford, Eddie",Eddie,Ford,,,,,,
550,"Forster, Alex",Alex,Forster,,,,,,
551,"Fort, Darcy",Darcy,Fort,,,,,,
552,"Fox, Robbie",Robbie,Fox,,,,,,
553,"Frampton, Billy",Billy,Frampton,,,,,,
554,"Francis, Aaron",Aaron,Francis,,,,,,
555,"Franklin, Lance",Lance,Franklin,,,,,,
556,"Fraser, Josh",Josh,Fraser,,,,,,
557,"Frawley, James",James,Frawley,,,,,,
558,"Frederick, Martin",Martin,Frederick,,,,,,
559,"Frederick, Michael",Michael,Frederick,,,,,,
560,"Freeman, Jonathan",Jonathan,Freeman,,,,,,
561,"Freeman, Nathan",Nathan,Freeman,,,,,,
562,"Freijah, Joel",Joel,Freijah,,,,,,
563,"Fritsch, Bayley",Bayley,Fritsch,,,,,,
564,"Frost, Jack",Jack,Frost,,,,,,
565,"Frost, Sam",Sam,Frost,,,,,,
566,"Fullarton, Tom",Tom,Fullarton,,,,,,
567,"Fyfe, Nat",Nat,Fyfe,,,,,,
568,"Gaff, Andrew",Andrew,Gaff,,,,,,
569,"Gallagher, Harvey",Harvey,Gallagher,,,,,,
570,"Gallop, Ty",Ty,Gallop,,,,,,
571,"Gallucci, Jordan",Jordan,Gallucci,,,,,,
572,"Garcia, Hugo",Hugo,Garcia,,,,,,
573,"Garcia, Riley",Riley,Garcia,,,,,,
574,"Gardiner, Darcy",Darcy,Gardiner,,,,,,
575,"Gardner, Ryan",Ryan,Gardner,,,,,,
576,"Garland, Colin",Colin,Garland,,,,,,
577,"Garlett, Cruize",Cruize,Garlett,,,,,,
578,"Garlett, Jarrod",Jarrod,Garlett,,,,,,
579,"Garlett, Jeff",Jeff,Garlett,,,,,,
580,"Garner, Joel",Joel,Garner,,,,,,
581,"Garner, Taylor",Taylor,Garner,,,,,,
582,"Garthwaite, Ryan",Ryan,Garthwaite,,,,,,
583,"Gault, Corey",Corey,Gault,,,,,,
584,"Gawn, Max",Max,Gawn,,,,,,
585,"Geary, Jarryn",Jarryn,Geary,,,,,,
586,"Georgiades, Mitch",Mitch,Georgiades,,,,,,
587,"Georgiou, Alex",Alex,Georgiou,,,,,,
588,"Giansiracusa, Daniel",Daniel,Giansiracusa,,,,,,
589,"Gibbons, Michael",Michael,Gibbons,,,,,,
590,"Gibbs, Bryce",Bryce,Gibbs,,,,,,
591,"Gibcus, Josh",Josh,Gibcus,,,,,,
592,"Gibson, Josh",Josh,Gibson,,,,,,
593,"Gibson, Sam",Sam,Gibson,,,,,,
594,"Gilbee, Lindsay",Lindsay,Gilbee,,,,,,
595,"Gilbert, Sam",Sam,Gilbert,,,,,,
596,"Giles, Jonathan",Jonathan,Giles,,,,,,
597,"Gilham, Stephen",Stephen,Gilham,,,,,,
598,"Gillbee, Jacob",Jacob,Gillbee,,,,,,
599,"Gillies, Tom",Tom,Gillies,,,,,,
600,"Ginbey, Reuben",Reuben,Ginbey,,,,,,
601,"Ginnivan, Jack",Jack,Ginnivan,,,,,,
602,"Giro, Stefan",Stefan,Giro,,,,,,
603,"Glass, Conor",Conor,Glass,,,,,,
604,"Glass, Darren",Darren,Glass,,,,,,
605,"Gleeson, Martin",Martin,Gleeson,,,,,,
606,"Glenn, Josh",Josh,Glenn,,,,,,
607,"Goater, Josh",Josh,Goater,,,,,,
608,"Goddard, Brendon",Brendon,Goddard,,,,,,
609,"Goddard, Hugh",Hugh,Goddard,,,,,,
610,"Golby, Mitch",Mitch,Golby,,,,,,
611,"Golds, Tim",Tim,Golds,,,,,,
612,"Goldsack, Tyson",Tyson,Goldsack,,,,,,
613,"Goldstein, Todd",Todd,Goldstein,,,,,,
614,"Gollant, Lachlan",Lachlan,Gollant,,,,,,
615,"Goodes, Adam",Adam,Goodes,,,,,,
616,"Goodes, Brett",Brett,Goodes,,,,,,
617,"Goodyear, Matthew",Matthew,Goodyear,,,,,,
618,"Gordon, Nathan",Nathan,Gordon,,,,,,
619,"Gorringe, Daniel",Daniel,Gorringe,,,,,,
620,"Gothard, Phoenix",Phoenix,Gothard,,,,,,
621,"Gould, Will",Will,Gould,,,,,,
622,"Gowers, Billy",Billy,Gowers,,,,,,
623,"Graham, Angus",Angus,Graham,,,,,,
624,"Graham, Caleb",Caleb,Graham,,,,,,
625,"Graham, Jack",Jack,Graham,,,,,,
626,"Graham, Nick",Nick,Graham,,,,,,
627,"Graham, Will",Will,Graham,,,,,,
628,"Grainger-Barras, Denver",Denver,Grainger-Barras,,,,,,
629,"Gram, Jason",Jason,Gram,,,,,,
630,"Grant, Jarrad",Jarrad,Grant,,,,,,
631,"Gray, Campbell",Campbell,Gray,,,,,,
632,"Gray, Robbie",Robbie,Gray,,,,,,
633,"Gray, Sam",Sam,Gray,,,,,,
634,"Greaves, Damon",Damon,Greaves,,,,,,
635,"Green, Brad",Brad,Green,,,,,,
636,"Green, Josh",Josh,Green,,,,,,
637,"Green, Steely",Steely,Green,,,,,,
638,"Green, Tom",Tom,Green,,,,,,
639,"Greene, Fergus",Fergus,Greene,,,,,,
640,"Greene, Toby",Toby,Greene,,,,,,
641,"Greenwood, Hugh",Hugh,Greenwood,,,,,,
642,"Greenwood, Levi",Levi,Greenwood,,,,,,
643,"Grego, Lucca",Lucca,Grego,,,,,,
644,"Gregson, Cory",Cory,Gregson,,,,,,
645,"Gresham, Jade",Jade,Gresham,,,,,,
646,"Grey, Brady",Brady,Grey,,,,,,
647,"Griffen, Ryan",Ryan,Griffen,,,,,,
648,"Griffin, Jonathon",Jonathon,Griffin,,,,,,
649,"Griffiths, Ben",Ben,Griffiths,,,,,,
650,"Grigg, Mitch",Mitch,Grigg,,,,,,
651,"Grigg, Shaun",Shaun,Grigg,,,,,,
652,"Grima, Nathan",Nathan,Grima,,,,,,
653,"Grimes, Dylan",Dylan,Grimes,,,,,,
654,"Grimes, Jack",Jack,Grimes,,,,,,
655,"Grimley, Sam",Sam,Grimley,,,,,,
656,"Grlj, Sam",Sam,Grlj,,,,,,
657,"Gross, Tom",Tom,Gross,,,,,,
658,"Grover, Antoni",Antoni,Grover,,,,,,
659,"Grundy, Brodie",Brodie,Grundy,,,,,,
660,"Grundy, Heath",Heath,Grundy,,,,,,
661,"Gruzewski, Max",Max,Gruzewski,,,,,,
662,"Guelfi, Matt",Matt,Guelfi,,,,,,
663,"Guerra, Brent",Brent,Guerra,,,,,,
664,"Gulbin, Lachlan",Lachlan,Gulbin,,,,,,
665,"Gulden, Errol",Errol,Gulden,,,,,,
666,"Gumbleton, Scott",Scott,Gumbleton,,,,,,
667,"Gunston, Jack",Jack,Gunston,,,,,,
668,"Guthrie, Cameron",Cameron,Guthrie,,,,,,
669,"Guthrie, Zach",Zach,Guthrie,,,,,,
670,"Gwilt, James",James,Gwilt,,,,,,
671,"Gysberts, Jordan",Jordan,Gysberts,,,,,,
672,"Hale, David",David,Hale,,,,,,
673,"Hall, Aaron",Aaron,Hall,,,,,,
674,"Hall, Clay",Clay,Hall,,,,,,
675,"Hall, Josh",Josh,Hall,,,,,,
676,"Hall, Max",Max,Hall,,,,,,
677,"Hallahan, Mitch",Mitch,Hallahan,,,,,,
678,"Ham, Brayden",Brayden,Ham,,,,,,
679,"Hamill, Will",Will,Hamill,,,,,,
680,"Hamilton, Cooper",Cooper,Hamilton,,,,,,
681,"Hamling, Joel",Joel,Hamling,,,,,,
682,"Hammelmann, Matthew",Matthew,Hammelmann,,,,,,
683,"Hampson, Shaun",Shaun,Hampson,,,,,,
684,"Hampton, Curtly",Curtly,Hampton,,,,,,
685,"Hams, Ashton",Ashton,Hams,,,,,,
686,"Hams, Will",Will,Hams,,,,,,
687,"Hanily, Tom",Tom,Hanily,,,,,,
688,"Hanley, Pearce",Pearce,Hanley,,,,,,
689,"Hannaford, Oliver",Oliver,Hannaford,,,,,,
690,"Hannan, Mitch",Mitch,Hannan,,,,,,
691,"Hannath, Jack",Jack,Hannath,,,,,,
692,"Hannebery, Dan",Dan,Hannebery,,,,,,
693,"Hanrahan, Oliver",Oliver,Hanrahan,,,,,,
694,"Hansen, Lachlan",Lachlan,Hansen,,,,,,
695,"Hansen, Robert",Robert,Hansen,,,,,,
696,"Harbrow, Jarrod",Jarrod,Harbrow,,,,,,
697,"Hardeman, Riley",Riley,Hardeman,,,,,,
698,"Hardingham, Kyle",Kyle,Hardingham,,,,,,
699,"Hardwick, Blake",Blake,Hardwick,,,,,,
700,"Hargrave, Ryan",Ryan,Hargrave,,,,,,
701,"Harmes, James",James,Harmes,,,,,,
702,"Harper, Kieran",Kieran,Harper,,,,,,
703,"Harrison, Harvey",Harvey,Harrison,,,,,,
704,"Hartigan, Kyle",Kyle,Hartigan,,,,,,
705,"Hartlett, Hamish",Hamish,Hartlett,,,,,,
706,"Hartley, Michael",Michael,Hartley,,,,,,
707,"Hartman, Brad",Brad,Hartman,,,,,,
708,"Hartung, Billy",Billy,Hartung,,,,,,
709,"Harvey, Brent",Brent,Harvey,,,,,,
710,"Harvey, Cooper",Cooper,Harvey,,,,,,
711,"Harwood, Ryan",Ryan,Harwood,,,,,,
712,"Hastie, Angus",Angus,Hastie,,,,,,
713,"Hately, Jackson",Jackson,Hately,,,,,,
714,"Hawkins, Tom",Tom,Hawkins,,,,,,
715,"Hawksley, James",James,Hawksley,,,,,,
716,"Hayden, Kyron",Kyron,Hayden,,,,,,
717,"Hayes, Jack",Jack,Hayes,,,,,,
718,"Hayes, Lenny",Lenny,Hayes,,,,,,
719,"Hayes, Lewis",Lewis,Hayes,,,,,,
720,"Hayes, Sam",Sam,Hayes,,,,,,
721,"Hayes, Will",Will,Hayes,,,,,,
722,"Hayes-Brown, Oliver",Oliver,Hayes-Brown,,,,,,
723,"Haynes, Nick",Nick,Haynes,,,,,,
724,"Hayward, Will",Will,Hayward,,,,,,
725,"Heath, Campbell",Campbell,Heath,,,,,,
726,"Heath, Max",Max,Heath,,,,,,
727,"Heatherley, Kurt",Kurt,Heatherley,,,,,,
728,"Heeney, Isaac",Isaac,Heeney,,,,,,
729,"Helbig, Brad",Brad,Helbig,,,,,,
730,"Henderson, Jack",Jack,Henderson,,,,,,
731,"Henderson, Lachie",Lachie,Henderson,,,,,,
732,"Henderson, Ricky",Ricky,Henderson,,,,,,
733,"Henry, Jack",Jack,Henry,,,,,,
734,"Henry, Liam",Liam,Henry,,,,,,
735,"Henry, Oliver",Oliver,Henry,,,,,,
736,"Heppell, Dyson",Dyson,Heppell,,,,,,
737,"Herbert, Louis",Louis,Herbert,,,,,,
738,"Heron, Jacob",Jacob,Heron,,,,,,
739,"Hewett, Elijah",Elijah,Hewett,,,,,,
740,"Hewett, George",George,Hewett,,,,,,
741,"Hibberd, Michael",Michael,Hibberd,,,,,,
742,"Hibberd, Mitchell",Mitchell,Hibberd,,,,,,
743,"Hickey, Tom",Tom,Hickey,,,,,,
744,"Higgins, Jack",Jack,Higgins,,,,,,
745,"Higgins, Shaun",Shaun,Higgins,,,,,,
746,"Highmore, Tom",Tom,Highmore,,,,,,
747,"Hill, Bobby",Bobby,Hill,,,,,,
748,"Hill, Bradley",Bradley,Hill,,,,,,
749,"Hill, Josh",Josh,Hill,,,,,,
750,"Hill, Stephen",Stephen,Hill,,,,,,
751,"Hille, David",David,Hille,,,,,,
752,"Himmelberg, Elliott",Elliott,Himmelberg,,,,,,
753,"Himmelberg, Harry",Harry,Himmelberg,,,,,,
754,"Hind, Nick",Nick,Hind,,,,,,
755,"Hine, Taylor",Taylor,Hine,,,,,,
756,"Hinge, Mitch",Mitch,Hinge,,,,,,
757,"Hipwood, Eric",Eric,Hipwood,,,,,,
758,"Hiscox, Jack",Jack,Hiscox,,,,,,
759,"Hitchcock, Cameron",Cameron,Hitchcock,,,,,,
760,"Hobbs, Ben",Ben,Hobbs,,,,,,
761,"Hocking, Heath",Heath,Hocking,,,,,,
762,"Hodge, Luke",Luke,Hodge,,,,,,
763,"Hogan, Jesse",Jesse,Hogan,,,,,,
764,"Hollands, Elijah",Elijah,Hollands,,,,,,
765,"Hollands, Oliver",Oliver,Hollands,,,,,,
766,"Holman, Nick",Nick,Holman,,,,,,
767,"Holmes, Jason",Jason,Holmes,,,,,,
768,"Holmes, Max",Max,Holmes,,,,,,
769,"Hombsch, Jack",Jack,Hombsch,,,,,,
770,"Honey, Josh",Josh,Honey,,,,,,
771,"Honeychurch, Mitch",Mitch,Honeychurch,,,,,,
772,"Hooker, Cale",Cale,Hooker,,,,,,
773,"Hooper, Andrew",Andrew,Hooper,,,,,,
774,"Hopper, Jacob",Jacob,Hopper,,,,,,
775,"Hore, Marty",Marty,Hore,,,,,,
776,"Horlin-Smith, George",George,Horlin-Smith,,,,,,
777,"Horne-Francis, Jason",Jason,Horne-Francis,,,,,,
778,"Horsley, Kyal",Kyal,Horsley,,,,,,
779,"Hosie, Lachlan",Lachlan,Hosie,,,,,,
780,"Hoskin-Elliott, Will",Will,Hoskin-Elliott,,,,,,
781,"Hotton, Taj",Taj,Hotton,,,,,,
782,"Hough, Brady",Brady,Hough,,,,,,
783,"Houli, Bachar",Bachar,Houli,,,,,,
784,"Houston, Dan",Dan,Houston,,,,,,
785,"Howard, Christian",Christian,Howard,,,,,,
786,"Howard, Dougal",Dougal,Howard,,,,,,
787,"Howe, Daniel",Daniel,Howe,,,,,,
788,"Howe, Jeremy",Jeremy,Howe,,,,,,
789,"Howes, Blake",Blake,Howes,,,,,,
790,"Howlett, Ben",Ben,Howlett,,,,,,
791,"Hrovat, Nathan",Nathan,Hrovat,,,,,,
792,"Hudson, Ben",Ben,Hudson,,,,,,
793,"Hughes, Ethan",Ethan,Hughes,,,,,,
794,"Humphrey, Bailey",Bailey,Humphrey,,,,,,
795,"Humphries, Lawson",Lawson,Humphries,,,,,,
796,"Hunt, Jayden",Jayden,Hunt,,,,,,
797,"Hunt, Josh",Josh,Hunt,,,,,,
798,"Hunt, Karmichael",Karmichael,Hunt,,,,,,
799,"Hunt, Taylor",Taylor,Hunt,,,,,,
800,"Hunter, Lachie",Lachie,Hunter,,,,,,
801,"Hunter, Paul",Paul,Hunter,,,,,,
802,"Hurley, Michael",Michael,Hurley,,,,,,
803,"Hurn, Shannon",Shannon,Hurn,,,,,,
804,"Hustwaite, Henry",Henry,Hustwaite,,,,,,
805,"Hutchesson, Tom",Tom,Hutchesson,,,,,,
806,"Hutchings, Mark",Mark,Hutchings,,,,,,
807,"Hutchins, Jack",Jack,Hutchins,,,,,,
808,"Hutchinson, Jack",Jack,Hutchinson,,,,,,
809,"Hynes, Cooper",Cooper,Hynes,,,,,,
810,"Ibbotson, Garrick",Garrick,Ibbotson,,,,,,
811,"Idun, Connor",Connor,Idun,,,,,,
812,"Iles, Sam",Sam,Iles,,,,,,
813,"Impey, Jarman",Jarman,Impey,,,,,,
814,"Jack, Brandon",Brandon,Jack,,,,,,
815,"Jack, Kieren",Kieren,Jack,,,,,,
816,"Jackson, Daniel",Daniel,Jackson,,,,,,
817,"Jackson, Hugh",Hugh,Jackson,,,,,,
818,"Jackson, Luke",Luke,Jackson,,,,,,
819,"Jacobs, Ben",Ben,Jacobs,,,,,,
820,"Jacobs, Sam",Sam,Jacobs,,,,,,
821,"Jaensch, Matthew",Matthew,Jaensch,,,,,,
822,"Jaksch, Kristian",Kristian,Jaksch,,,,,,
823,"Jamar, Mark",Mark,Jamar,,,,,,
824,"Jamieson, Callum",Callum,Jamieson,,,,,,
825,"Jamison, Michael",Michael,Jamison,,,,,,
826,"Jansen, Jarrad",Jarrad,Jansen,,,,,,
827,"Jaques, Lachie",Lachie,Jaques,,,,,,
828,"Jarvis, Ben",Ben,Jarvis,,,,,,
829,"Jefferson, Matthew",Matthew,Jefferson,,,,,,
830,"Jeffrey, Joel",Joel,Jeffrey,,,,,,
831,"Jeka, Emerson",Emerson,Jeka,,,,,,
832,"Jenkins, Josh",Josh,Jenkins,,,,,,
833,"Jepson, Ben",Ben,Jepson,,,,,,
834,"Jetta, Leroy",Leroy,Jetta,,,,,,
835,"Jetta, Lewis",Lewis,Jetta,,,,,,
836,"Jetta, Neville",Neville,Jetta,,,,,,
837,"Jiath, Changkuoth",Changkuoth,Jiath,,,,,,
838,"Jiath, Tew",Tew,Jiath,,,,,,
839,"Johannisen, Jason",Jason,Johannisen,,,,,,
840,"Johncock, Graham",Graham,Johncock,,,,,,
841,"Johnson, Aidan",Aidan,Johnson,,,,,,
842,"Johnson, Aidyn",Aidyn,Johnson,,,,,,
843,"Johnson, Alex",Alex,Johnson,,,,,,
844,"Johnson, Ash",Ash,Johnson,,,,,,
845,"Johnson, Ben",Ben,Johnson,,,,,,
846,"Johnson, Blaine",Blaine,Johnson,,,,,,
847,"Johnson, Matthew",Matthew,Johnson,,,,,,
848,"Johnson, Michael",Michael,Johnson,,,,,,
849,"Johnson, Steve",Steve,Johnson,,,,,,
850,"Johnson, Zak",Zak,Johnson,,,,,,
851,"Johnston, Harvey",Harvey,Johnston,,,,,,
852,"Johnston, Lewis",Lewis,Johnston,,,,,,
853,"Johnston, Lloyd",Lloyd,Johnston,,,,,,
854,"Jok, Tom",Tom,Jok,,,,,,
855,"Jolly, Darren",Darren,Jolly,,,,,,
856,"Jonas, Tom",Tom,Jonas,,,,,,
857,"Jones, Arthur",Arthur,Jones,,,,,,
858,"Jones, Chayce",Chayce,Jones,,,,,,
859,"Jones, Clinton",Clinton,Jones,,,,,,
860,"Jones, Darcy",Darcy,Jones,,,,,,
861,"Jones, Harry",Harry,Jones,,,,,,
862,"Jones, Jamaine",Jamaine,Jones,,,,,,
863,"Jones, Lachie",Lachie,Jones,,,,,,
864,"Jones, Liam",Liam,Jones,,,,,,
865,"Jones, Matt",Matt,Jones,,,,,,
866,"Jones, Nathan",Nathan,Jones,,,,,,
867,"Jones, Scott",Scott,Jones,,,,,,
868,"Jones, Zak",Zak,Jones,,,,,,
869,"Jong, Lin",Lin,Jong,,,,,,
870,"Jordon, James",James,Jordon,,,,,,
871,"Joseph, Aaron",Aaron,Joseph,,,,,,
872,"Joyce, Darragh",Darragh,Joyce,,,,,,
873,"Joyce, Jesse",Jesse,Joyce,,,,,,
874,"Judd, Chris",Chris,Judd,,,,,,
875,"Jurrah, Liam",Liam,Jurrah,,,,,,
876,"Kako, Isaac",Isaac,Kako,,,,,,
877,"Karnezis, Patrick",Patrick,Karnezis,,,,,,
878,"Karpany, Malcolm",Malcolm,Karpany,,,,,,
879,"Kavanagh, Elliott",Elliott,Kavanagh,,,,,,
880,"Keane, Mark",Mark,Keane,,,,,,
881,"Keath, Alex",Alex,Keath,,,,,,
882,"Keays, Ben",Ben,Keays,,,,,,
883,"Keeffe, Lachlan",Lachlan,Keeffe,,,,,,
884,"Keeler, Isaac",Isaac,Keeler,,,,,,
885,"Keilty, Declan",Declan,Keilty,,,,,,
886,"Kelly, Jake",Jake,Kelly,,,,,,
887,"Kelly, James",James,Kelly,,,,,,
888,"Kelly, Josh",Josh,Kelly,,,,,,
889,"Kelly, Tim",Tim,Kelly,,,,,,
890,"Kelly, Will",Will,Kelly,,,,,,
891,"Kemp, Brodie",Brodie,Kemp,,,,,,
892,"Kennedy Harris, Jay",Jay,Kennedy Harris,,,,,,
893,"Kennedy, Adam",Adam,Kennedy,,,,,,
894,"Kennedy, Ben",Ben,Kennedy,,,,,,
895,"Kennedy, Josh",Josh,Kennedy,,,,,,
896,"Kennedy, Matthew",Matthew,Kennedy,,,,,,
897,"Kent, Dean",Dean,Kent,,,,,,
898,"Kerr, Daniel",Daniel,Kerr,,,,,,
899,"Kerr, Pat",Pat,Kerr,,,,,,
900,"Kerridge, Sam",Sam,Kerridge,,,,,,
901,"Kersten, Shane",Shane,Kersten,,,,,,
902,"Khamis, Buku",Buku,Khamis,,,,,,
903,"King, Ben",Ben,King,,,,,,
904,"King, Jake",Jake,King,,,,,,
905,"King, Max",Max,King,,,,,,
906,"Kirby, Kayle",Kayle,Kirby,,,,,,
907,"Knevitt, Mitch",Mitch,Knevitt,,,,,,
908,"Knight, Riley",Riley,Knight,,,,,,
909,"Knights, Chris",Chris,Knights,,,,,,
910,"Kolodjashnij, Jake",Jake,Kolodjashnij,,,,,,
911,"Kolodjashnij, Kade",Kade,Kolodjashnij,,,,,,
912,"Kommer, Nick",Nick,Kommer,,,,,,
913,"Kondogiannis, Max",Max,Kondogiannis,,,,,,
914,"Konstanty, Jacob",Jacob,Konstanty,,,,,,
915,"Koschitzke, Jacob",Jacob,Koschitzke,,,,,,
916,"Koschitzke, Justin",Justin,Koschitzke,,,,,,
917,"Krakouer, Andrew",Andrew,Krakouer,,,,,,
918,"Krakouer, Nathan",Nathan,Krakouer,,,,,,
919,"Kreuger, Nathan",Nathan,Kreuger,,,,,,
920,"Kreuzer, Matthew",Matthew,Kreuzer,,,,,,
921,"Ladhams, Peter",Peter,Ladhams,,,,,,
922,"Lai, Josh",Josh,Lai,,,,,,
923,"Laidler, Jeremy",Jeremy,Laidler,,,,,,
924,"Laird, Rory",Rory,Laird,,,,,,
925,"Lake, Brian",Brian,Lake,,,,,,
926,"Lalor, Sam",Sam,Lalor,,,,,,
927,"Lamb, Jed",Jed,Lamb,,,,,,
928,"Lamb, Tom",Tom,Lamb,,,,,,
929,"Lambert, Kane",Kane,Lambert,,,,,,
930,"Lang, Darcy",Darcy,Lang,,,,,,
931,"Langdon, Ed",Ed,Langdon,,,,,,
932,"Langdon, Tom",Tom,Langdon,,,,,,
933,"Langdon, Zac",Zac,Langdon,,,,,,
934,"Langford, Harvey",Harvey,Langford,,,,,,
935,"Langford, Kyle",Kyle,Langford,,,,,,
936,"Langford, Will",Will,Langford,,,,,,
937,"Langlands, Doulton",Doulton,Langlands,,,,,,
938,"Larkey, Nick",Nick,Larkey,,,,,,
939,"Laurie, Bailey",Bailey,Laurie,,,,,,
940,"Laverde, Jayden",Jayden,Laverde,,,,,,
941,"Lazzaro, Charlie",Charlie,Lazzaro,,,,,,
942,"LeCras, Mark",Mark,LeCras,,,,,,
943,"Leake, James",James,Leake,,,,,,
944,"Ledger, Tom",Tom,Ledger,,,,,,
945,"Lee, Brendan",Brendan,Lee,,,,,,
946,"Lee, Tom",Tom,Lee,,,,,,
947,"Lefau, Mykelti",Mykelti,Lefau,,,,,,
948,"Lemmens, Sean",Sean,Lemmens,,,,,,
949,"Lennon, Ben",Ben,Lennon,,,,,,
950,"Leslie, Jack",Jack,Leslie,,,,,,
951,"Lester, Ryan",Ryan,Lester,,,,,,
952,"Leuenberger, Matthew",Matthew,Leuenberger,,,,,,
953,"Lever, Jake",Jake,Lever,,,,,,
954,"Lewis, Jordan",Jordan,Lewis,,,,,,
955,"Lewis, Mitch",Mitch,Lewis,,,,,,
956,"Lewis, Will",Will,Lewis,,,,,,
957,"Liberatore, Tom",Tom,Liberatore,,,,,,
958,"Liddy, Mani",Mani,Liddy,,,,,,
959,"Lienert, Jarrod",Jarrod,Lienert,,,,,,
960,"Lindsay, Josh",Josh,Lindsay,,,,,,
961,"Lindsay, Xavier",Xavier,Lindsay,,,,,,
962,"Ling, Matt",Matt,Ling,,,,,,
963,"Lipinski, Patrick",Patrick,Lipinski,,,,,,
964,"Lisle, Jordan",Jordan,Lisle,,,,,,
965,"Lloyd, Daniel",Daniel,Lloyd,,,,,,
966,"Lloyd, Jake",Jake,Lloyd,,,,,,
967,"Lloyd, Sam",Sam,Lloyd,,,,,,
968,"Lobb, Rory",Rory,Lobb,,,,,,
969,"Lobbe, Matthew",Matthew,Lobbe,,,,,,
970,"Lockhart, Jay",Jay,Lockhart,,,,,,
971,"Logan, Tom",Tom,Logan,,,,,,
972,"Logue, Griffin",Griffin,Logue,,,,,,
973,"Lohmann, Kai",Kai,Lohmann,,,,,,
974,"Lombard, Leo",Leo,Lombard,,,,,,
975,"Lonergan, Jesse",Jesse,Lonergan,,,,,,
976,"Lonergan, Sam",Sam,Lonergan,,,,,,
977,"Lonergan, Tom",Tom,Lonergan,,,,,,
978,"Long, Ben",Ben,Long,,,,,,
979,"Long, Jake",Jake,Long,,,,,,
980,"Long, Ned",Ned,Long,,,,,,
981,"Long, Noah",Noah,Long,,,,,,
982,"Longer, Billy",Billy,Longer,,,,,,
983,"Lonie, Jack",Jack,Lonie,,,,,,
984,"Lord, Alastair",Alastair,Lord,,,,,,
985,"Lord, Cooper",Cooper,Lord,,,,,,
986,"Lord, Ollie",Ollie,Lord,,,,,,
987,"Lorenz, Will",Will,Lorenz,,,,,,
988,"Lovell, Kieran",Kieran,Lovell,,,,,,
989,"Lovett-Murray, Nathan",Nathan,Lovett-Murray,,,,,,
990,"Lowden, Luke",Luke,Lowden,,,,,,
991,"Lower, Nick",Nick,Lower,,,,,,
992,"Lual, Luamon",Luamon,Lual,,,,,,
993,"Lucas, Kane",Kane,Lucas,,,,,,
994,"Lukosius, Jack",Jack,Lukosius,,,,,,
995,"Lumumba, Heritier",Heritier,Lumumba,,,,,,
996,"Luxford, Michael",Michael,Luxford,,,,,,
997,"Lycett, Scott",Scott,Lycett,,,,,,
998,"Lynch, Brad",Brad,Lynch,,,,,,
999,"Lynch, Max",Max,Lynch,,,,,,
1000,"Lynch, Quinten",Quinten,Lynch,,,,,,
1001,"Lynch, Tom",Tom,Lynch,,,,,,
1002,"Lyons, Jarryd",Jarryd,Lyons,,,,,,
1003,"Macaffer, Brent",Brent,Macaffer,,,,,,
1004,"Macdonald, Bailey",Bailey,Macdonald,,,,,,
1005,"Macdonald, Connor",Connor,Macdonald,,,,,,
1006,"Macdonald, Joel",Joel,Macdonald,,,,,,
1007,"Mackay, David",David,Mackay,,,,,,
1008,"Mackenzie, Cam",Cam,Mackenzie,,,,,,
1009,"Mackenzie, Eric",Eric,Mackenzie,,,,,,
1010,"Mackie, Andrew",Andrew,Mackie,,,,,,
1011,"Mackinlay, Ewan",Ewan,Mackinlay,,,,,,
1012,"Macmillan, Jamie",Jamie,Macmillan,,,,,,
1013,"Macpherson, Darcy",Darcy,Macpherson,,,,,,
1014,"Macrae, Finlay",Finlay,Macrae,,,,,,
1015,"Macrae, Jack",Jack,Macrae,,,,,,
1016,"Macreadie, Harrison",Harrison,Macreadie,,,,,,
1017,"Madden, James",James,Madden,,,,,,
1018,"Madden, Nick",Nick,Madden,,,,,,
1019,"Madgen, Jack",Jack,Madgen,,,,,,
1020,"Magin, Alik",Alik,Magin,,,,,,
1021,"Maginness, Finn",Finn,Maginness,,,,,,
1022,"Magner, James",James,Magner,,,,,,
1023,"Maguire, Matt",Matt,Maguire,,,,,,
1024,"Mahony, Jack",Jack,Mahony,,,,,,
1025,"Maister, Beau",Beau,Maister,,,,,,
1026,"Malceski, Nick",Nick,Malceski,,,,,,
1027,"Maley, Finnbar",Finnbar,Maley,,,,,,
1028,"Mannagh, Shaun",Shaun,Mannagh,,,,,,
1029,"Mansell, Rhyan",Rhyan,Mansell,,,,,,
1030,"Marchbank, Caleb",Caleb,Marchbank,,,,,,
1031,"Marcon, Adam",Adam,Marcon,,,,,,
1032,"Maric, Addam",Addam,Maric,,,,,,
1033,"Maric, Ivan",Ivan,Maric,,,,,,
1034,"Maric, Ryan",Ryan,Maric,,,,,,
1035,"Markov, Oleg",Oleg,Markov,,,,,,
1036,"Markovic, Lukas",Lukas,Markovic,,,,,,
1037,"Marsh, Harrison",Harrison,Marsh,,,,,,
1038,"Marsh, Jonathon",Jonathon,Marsh,,,,,,
1039,"Marshall, Rowan",Rowan,Marshall,,,,,,
1040,"Marshall, Sam",Sam,Marshall,,,,,,
1041,"Marshall, Todd",Todd,Marshall,,,,,,
1042,"Martin, Brodie",Brodie,Martin,,,,,,
1043,"Martin, Dustin",Dustin,Martin,,,,,,
1044,"Martin, Jack",Jack,Martin,,,,,,
1045,"Martin, Kyle",Kyle,Martin,,,,,,
1046,"Martin, Nic",Nic,Martin,,,,,,
1047,"Martin, Stefan",Stefan,Martin,,,,,,
1048,"Martyn, Will",Will,Martyn,,,,,,
1049,"Masten, Chris",Chris,Masten,,,,,,
1050,"Matera, Brandon",Brandon,Matera,,,,,,
1051,"Mathieson, Rhys",Rhys,Mathieson,,,,,,
1052,"Mattner, Martin",Martin,Mattner,,,,,,
1053,"Maxwell, Nick",Nick,Maxwell,,,,,,
1054,"May, Archie",Archie,May,,,,,,
1055,"May, Steven",Steven,May,,,,,,
1056,"Mayes, Sam",Sam,Mayes,,,,,,
1057,"Maynard, Brayden",Brayden,Maynard,,,,,,
1058,"Maynard, Corey",Corey,Maynard,,,,,,
1059,"Mayne, Chris",Chris,Mayne,,,,,,
1060,"McAdam, Shane",Shane,McAdam,,,,,,
1061,"McAndrew, Lachlan",Lachlan,McAndrew,,,,,,
1062,"McAsey, Fischer",Fischer,McAsey,,,,,,
1063,"McAuliffe, Kane",Kane,McAuliffe,,,,,,
1064,"McBean, Liam",Liam,McBean,,,,,,
1065,"McCabe, Will",Will,McCabe,,,,,,
1066,"McCarthy, Cam",Cam,McCarthy,,,,,,
1067,"McCarthy, John",John,McCarthy,,,,,,
1068,"McCarthy, Lincoln",Lincoln,McCarthy,,,,,,
1069,"McCarthy, Pat",Pat,McCarthy,,,,,,
1070,"McCarthy, Tom",Tom,McCarthy,,,,,,
1071,"McCartin, Paddy",Paddy,McCartin,,,,,,
1072,"McCartin, Tom",Tom,McCartin,,,,,,
1073,"McCauley, Broc",Broc,McCauley,,,,,,
1074,"McCluggage, Hugh",Hugh,McCluggage,,,,,,
1075,"McComb, Robbie",Robbie,McComb,,,,,,
1076,"McCreery, Beau",Beau,McCreery,,,,,,
1077,"McDonald, James",James,McDonald,,,,,,
1078,"McDonald, Logan",Logan,McDonald,,,,,,
1079,"McDonald, Luke",Luke,McDonald,,,,,,
1080,"McDonald, Oscar",Oscar,McDonald,,,,,,
1081,"McDonald, Tom",Tom,McDonald,,,,,,
1082,"McDonald-Tipungwuti, Anthony",Anthony,McDonald-Tipungwuti,,,,,,
1083,"McDonough, Matt",Matt,McDonough,,,,,,
1084,"McEntee, Jed",Jed,McEntee,,,,,,
1085,"McEvoy, Ben",Ben,McEvoy,,,,,,
1086,"McGinnity, Patrick",Patrick,McGinnity,,,,,,
1087,"McGlynn, Ben",Ben,McGlynn,,,,,,
1088,"McGovern, Jeremy",Jeremy,McGovern,,,,,,
1089,"McGovern, Mitch",Mitch,McGovern,,,,,,
1090,"McGrath, Andrew",Andrew,McGrath,,,,,,
1091,"McGrath, Ashley",Ashley,McGrath,,,,,,
1092,"McGrath, Jaden",Jaden,McGrath,,,,,,
1093,"McGuane, Luke",Luke,McGuane,,,,,,
1094,"McHenry, Ned",Ned,McHenry,,,,,,
1095,"McInerney, Justin",Justin,McInerney,,,,,,
1096,"McInerney, Oscar",Oscar,McInerney,,,,,,
1097,"McInnes, Andrew",Andrew,McInnes,,,,,,
1098,"McInnes, Fraser",Fraser,McInnes,,,,,,
1099,"McInnes, Reef",Reef,McInnes,,,,,,
1100,"McIntosh, Hamish",Hamish,McIntosh,,,,,,
1101,"McIntosh, Kamdyn",Kamdyn,McIntosh,,,,,,
1102,"McIntyre, Tim",Tim,McIntyre,,,,,,
1103,"McKay, Ben",Ben,McKay,,,,,,
1104,"McKay, Harry",Harry,McKay,,,,,,
1105,"McKeever, Niall",Niall,McKeever,,,,,,
1106,"McKenna, Conor",Conor,McKenna,,,,,,
1107,"McKenzie, Brad",Brad,McKenzie,,,,,,
1108,"McKenzie, Daniel",Daniel,McKenzie,,,,,,
1109,"McKenzie, Jordie",Jordie,McKenzie,,,,,,
1110,"McKenzie, Trent",Trent,McKenzie,,,,,,
1111,"McKercher, Colby",Colby,McKercher,,,,,,
1112,"McKernan, Shaun",Shaun,McKernan,,,,,,
1113,"McLachlan, Will",Will,McLachlan,,,,,,
1114,"McLean, Brock",Brock,McLean,,,,,,
1115,"McLean, Hayden",Hayden,McLean,,,,,,
1116,"McLean, Toby",Toby,McLean,,,,,,
1117,"McLennan, Angus",Angus,McLennan,,,,,,
1118,"McMahon, Liam",Liam,McMahon,,,,,,
1119,"McMahon, Scott",Scott,McMahon,,,,,,
1120,"McMullin, Toby",Toby,McMullin,,,,,,
1121,"McNeil, Lachlan",Lachlan,McNeil,,,,,,
1122,"McNiece, Ben",Ben,McNiece,,,,,,
1123,"McPharlin, Luke",Luke,McPharlin,,,,,,
1124,"McPhee, Adam",Adam,McPhee,,,,,,
1125,"McPherson, Andrew",Andrew,McPherson,,,,,,
1126,"McQualter, Andrew",Andrew,McQualter,,,,,,
1127,"McStay, Daniel",Daniel,McStay,,,,,,
1128,"McVee, Judd",Judd,McVee,,,,,,
1129,"McVeigh, Jarrad",Jarrad,McVeigh,,,,,,
1130,"McVeigh, Mark",Mark,McVeigh,,,,,,
1131,"Mead, Jackson",Jackson,Mead,,,,,,
1132,"Meek, Lloyd",Lloyd,Meek,,,,,,
1133,"Melican, Lewis",Lewis,Melican,,,,,,
1134,"Melksham, Jake",Jake,Melksham,,,,,,
1135,"Mellington, Josh",Josh,Mellington,,,,,,
1136,"Membrey, Tim",Tim,Membrey,,,,,,
1137,"Menadue, Connor",Connor,Menadue,,,,,,
1138,"Menegola, Sam",Sam,Menegola,,,,,,
1139,"Menzel, Daniel",Daniel,Menzel,,,,,,
1140,"Menzel, Troy",Troy,Menzel,,,,,,
1141,"Menzie, Jye",Jye,Menzie,,,,,,
1142,"Merrett, Daniel",Daniel,Merrett,,,,,,
1143,"Merrett, Jackson",Jackson,Merrett,,,,,,
1144,"Merrett, Zach",Zach,Merrett,,,,,,
1145,"Michael, Carter",Carter,Michael,,,,,,
1146,"Michael, Sam",Sam,Michael,,,,,,
1147,"Michalanney, Max",Max,Michalanney,,,,,,
1148,"Michie, Viv",Viv,Michie,,,,,,
1149,"Miers, Gryan",Gryan,Miers,,,,,,
1150,"Mihocek, Brody",Brody,Mihocek,,,,,,
1151,"Milera, Terry",Terry,Milera,,,,,,
1152,"Milera, Wayne",Wayne,Milera,,,,,,
1153,"Miles, Anthony",Anthony,Miles,,,,,,
1154,"Miles, Teia",Teia,Miles,,,,,,
1155,"Miller, Ben",Ben,Miller,,,,,,
1156,"Miller, Brad",Brad,Miller,,,,,,
1157,"Miller, Touk",Touk,Miller,,,,,,
1158,"Mills, Callum",Callum,Mills,,,,,,
1159,"Milne, Stephen",Stephen,Milne,,,,,,
1160,"Minchington, Darren",Darren,Minchington,,,,,,
1161,"Minson, Will",Will,Minson,,,,,,
1162,"Mirra, David",David,Mirra,,,,,,
1163,"Mitchell, Caleb",Caleb,Mitchell,,,,,,
1164,"Mitchell, Kane",Kane,Mitchell,,,,,,
1165,"Mitchell, Luke",Luke,Mitchell,,,,,,
1166,"Mitchell, Sam",Sam,Mitchell,,,,,,
1167,"Mitchell, Seamus",Seamus,Mitchell,,,,,,
1168,"Mitchell, Tom",Tom,Mitchell,,,,,,
1169,"Mohr, Tim",Tim,Mohr,,,,,,
1170,"Moir, Ashton",Ashton,Moir,,,,,,
1171,"Moller, Craig",Craig,Moller,,,,,,
1172,"Moloney, Brent",Brent,Moloney,,,,,,
1173,"Monfries, Angus",Angus,Monfries,,,,,,
1174,"Moniz-Wakefield, Andy",Andy,Moniz-Wakefield,,,,,,
1175,"Montagna, Leigh",Leigh,Montagna,,,,,,
1176,"Mooney, Caolan",Caolan,Mooney,,,,,,
1177,"Moore, Andrew",Andrew,Moore,,,,,,
1178,"Moore, Callum",Callum,Moore,,,,,,
1179,"Moore, Darcy",Darcy,Moore,,,,,,
1180,"Moore, Dylan",Dylan,Moore,,,,,,
1181,"Moore, Kelvin",Kelvin,Moore,,,,,,
1182,"Morabito, Anthony",Anthony,Morabito,,,,,,
1183,"Moraes, Christian",Christian,Moraes,,,,,,
1184,"Morgan, Alex",Alex,Morgan,,,,,,
1185,"Morris, Dale",Dale,Morris,,,,,,
1186,"Morris, Josh",Josh,Morris,,,,,,
1187,"Morris, Logan",Logan,Morris,,,,,,
1188,"Morris, Steven",Steven,Morris,,,,,,
1189,"Morrison, Harry",Harry,Morrison,,,,,,
1190,"Morton, Cale",Cale,Morton,,,,,,
1191,"Morton, Mitch",Mitch,Morton,,,,,,
1192,"Mosquito, Irving",Irving,Mosquito,,,,,,
1193,"Motlop, Jesse",Jesse,Motlop,,,,,,
1194,"Motlop, Steven",Steven,Motlop,,,,,,
1195,"Mountford, Declan",Declan,Mountford,,,,,,
1196,"Moyle, Ned",Ned,Moyle,,,,,,
1197,"Mullett, Aaron",Aaron,Mullett,,,,,,
1198,"Mullin, Oisin",Oisin,Mullin,,,,,,
1199,"Mumford, Shane",Shane,Mumford,,,,,,
1200,"Mundy, David",David,Mundy,,,,,,
1201,"Murdoch, Brodie",Brodie,Murdoch,,,,,,
1202,"Murdoch, Jordan",Jordan,Murdoch,,,,,,
1203,"Murdock, Milan",Milan,Murdock,,,,,,
1204,"Murphy, Lachlan",Lachlan,Murphy,,,,,,
1205,"Murphy, Marc",Marc,Murphy,,,,,,
1206,"Murphy, Nathan",Nathan,Murphy,,,,,,
1207,"Murphy, Robert",Robert,Murphy,,,,,,
1208,"Murphy, Tom",Tom,Murphy,,,,,,
1209,"Murray, Nick",Nick,Murray,,,,,,
1210,"Murray, Sam",Sam,Murray,,,,,,
1211,"Murray, Toby",Toby,Murray,,,,,,
1212,"Mutch, Kobe",Kobe,Mutch,,,,,,
1213,"Mutimer, Kurt",Kurt,Mutimer,,,,,,
1214,"Myers, David",David,Myers,,,,,,
1215,"Mzungu, Tendai",Tendai,Mzungu,,,,,,
1216,"Nahas, Robin",Robin,Nahas,,,,,,
1217,"Naish, Patrick",Patrick,Naish,,,,,,
1218,"Naismith, Sam",Sam,Naismith,,,,,,
1219,"Naitanui, Nic",Nic,Naitanui,,,,,,
1220,"Nankervis, Luke",Luke,Nankervis,,,,,,
1221,"Nankervis, Toby",Toby,Nankervis,,,,,,
1222,"Narkle, Quinton",Quinton,Narkle,,,,,,
1223,"Nash, Conor",Conor,Nash,,,,,,
1224,"Naughton, Aaron",Aaron,Naughton,,,,,,
1225,"Neade, Jake",Jake,Neade,,,,,,
1226,"Neal-Bullen, Alex",Alex,Neal-Bullen,,,,,,
1227,"Neale, Lachie",Lachie,Neale,,,,,,
1228,"Neale, Shannon",Shannon,Neale,,,,,,
1229,"Neates, Ryan",Ryan,Neates,,,,,,
1230,"Nelson, Jackson",Jackson,Nelson,,,,,,
1231,"Newcombe, Jai",Jai,Newcombe,,,,,,
1232,"Newman, Chris",Chris,Newman,,,,,,
1233,"Newman, Murray",Murray,Newman,,,,,,
1234,"Newman, Nic",Nic,Newman,,,,,,
1235,"Newnes, Jack",Jack,Newnes,,,,,,
1236,"Newton, Ben",Ben,Newton,,,,,,
1237,"Newton, Jacob",Jacob,Newton,,,,,,
1238,"Nguyen, Jayden",Jayden,Nguyen,,,,,,
1239,"Nicholls, Tom",Tom,Nicholls,,,,,,
1240,"Nicholson, Daniel",Daniel,Nicholson,,,,,,
1241,"Nielson, Dan",Dan,Nielson,,,,,,
1242,"Noble, John",John,Noble,,,,,,
1243,"Nyhuis, Ryan",Ryan,Nyhuis,,,,,,
1244,"Nyuon, Bigoa",Bigoa,Nyuon,,,,,,
1245,"OBrien, Jesse",Jesse,OBrien,,,,,,
1246,"OBrien, Lochie",Lochie,OBrien,,,,,,
1247,"OBrien, Nick",Nick,OBrien,,,,,,
1248,"OBrien, Reilly",Reilly,OBrien,,,,,,
1249,"OBrien, Tim",Tim,OBrien,,,,,,
1250,"OBrien, Zac",Zac,OBrien,,,,,,
1251,"OConnell, Liam",Liam,OConnell,,,,,,
1252,"OConnor, Mark",Mark,OConnor,,,,,,
1253,"OConnor, Ronin",Ronin,OConnor,,,,,,
1254,"ODonnell, James",James,ODonnell,,,,,,
1255,"ODriscoll, Nathan",Nathan,ODriscoll,,,,,,
1256,"OFarrell, Harry",Harry,OFarrell,,,,,,
1257,"OHalloran, Xavier",Xavier,OHalloran,,,,,,
1258,"OHanlon, Brett",Brett,OHanlon,,,,,,
1259,"OKeefe, Ryan",Ryan,OKeefe,,,,,,
1260,"OKeeffe, Hudson",Hudson,OKeeffe,,,,,,
1261,"OKeeffe, Rhys",Rhys,OKeeffe,,,,,,
1262,"OMeara, Jaeger",Jaeger,OMeara,,,,,,
1263,"ONeill, Xavier",Xavier,ONeill,,,,,,
1264,"ORiordan, Colin",Colin,ORiordan,,,,,,
1265,"ORourke, Jonathan",Jonathan,ORourke,,,,,,
1266,"OShea, Cameron",Cameron,OShea,,,,,,
1267,"OSullivan, Connor",Connor,OSullivan,,,,,,
1268,"OSullivan, Finn",Finn,OSullivan,,,,,,
1269,"Oea, Hewago",Hewago,Oea,,,,,,
1270,"OhAilpin, Setanta",Setanta,OhAilpin,,,,,,
1271,"Oliver, Clayton",Clayton,Oliver,,,,,,
1272,"Osborne, Leigh",Leigh,Osborne,,,,,,
1273,"Osborne, Michael",Michael,Osborne,,,,,,
1274,"Otten, Andy",Andy,Otten,,,,,,
1275,"Owens, Mitch",Mitch,Owens,,,,,,
1276,"Owies, Matthew",Matthew,Owies,,,,,,
1277,"Oxley, Adam",Adam,Oxley,,,,,,
1278,"Paine, Jackson",Jackson,Paine,,,,,,
1279,"Palmer, Jesse",Jesse,Palmer,,,,,,
1280,"Palmer, Rhys",Rhys,Palmer,,,,,,
1281,"Paparone, Marco",Marco,Paparone,,,,,,
1282,"Papley, Tom",Tom,Papley,,,,,,
1283,"Parfitt, Brandan",Brandan,Parfitt,,,,,,
1284,"Parish, Darcy",Darcy,Parish,,,,,,
1285,"Parker, Luke",Luke,Parker,,,,,,
1286,"Parker, Matthew",Matthew,Parker,,,,,,
1287,"Parker, Wil",Wil,Parker,,,,,,
1288,"Parks, Luke",Luke,Parks,,,,,,
1289,"Parnell, Patrick",Patrick,Parnell,,,,,,
1290,"Parsons, James",James,Parsons,,,,,,
1291,"Partington, Luke",Luke,Partington,,,,,,
1292,"Patfull, Joel",Joel,Patfull,,,,,,
1293,"Paton, Ben",Ben,Paton,,,,,,
1294,"Patrick, Liam",Liam,Patrick,,,,,,
1295,"Patton, Jonathon",Jonathon,Patton,,,,,,
1296,"Pavlich, Matthew",Matthew,Pavlich,,,,,,
1297,"Payne, Geordie",Geordie,Payne,,,,,,
1298,"Payne, Jack",Jack,Payne,,,,,,
1299,"Peake, Brett",Brett,Peake,,,,,,
1300,"Pearce, Alex",Alex,Pearce,,,,,,
1301,"Pearce, Clancee",Clancee,Pearce,,,,,,
1302,"Pearce, Daniel",Daniel,Pearce,,,,,,
1303,"Pearce, Danyle",Danyle,Pearce,,,,,,
1304,"Pears, Tayte",Tayte,Pears,,,,,,
1305,"Peatling, James",James,Peatling,,,,,,
1306,"Pedersen, Cameron",Cameron,Pedersen,,,,,,
1307,"Pedlar, Luke",Luke,Pedlar,,,,,,
1308,"Pendlebury, Scott",Scott,Pendlebury,,,,,,
1309,"Perez, Flynn",Flynn,Perez,,,,,,
1310,"Peris, Jack",Jack,Peris,,,,,,
1311,"Perkins, Archie",Archie,Perkins,,,,,,
1312,"Perryman, Harry",Harry,Perryman,,,,,,
1313,"Petracca, Christian",Christian,Petracca,,,,,,
1314,"Petrenko, Jared",Jared,Petrenko,,,,,,
1315,"Petrevski-Seton, Sam",Sam,Petrevski-Seton,,,,,,
1316,"Petrie, Drew",Drew,Petrie,,,,,,
1317,"Petruccelle, Jack",Jack,Petruccelle,,,,,,
1318,"Petterd, Ricky",Ricky,Petterd,,,,,,
1319,"Petty, Harry",Harry,Petty,,,,,,
1320,"Pfeiffer, Darren",Darren,Pfeiffer,,,,,,
1321,"Phillipou, Mattaes",Mattaes,Phillipou,,,,,,
1322,"Phillips, Andrew",Andrew,Phillips,,,,,,
1323,"Phillips, Ed",Ed,Phillips,,,,,,
1324,"Phillips, Ethan",Ethan,Phillips,,,,,,
1325,"Phillips, Simon",Simon,Phillips,,,,,,
1326,"Phillips, Tom",Tom,Phillips,,,,,,
1327,"Phillips, Will",Will,Phillips,,,,,,
1328,"Philp, Sam",Sam,Philp,,,,,,
1329,"Picken, Liam",Liam,Picken,,,,,,
1330,"Pickett, Jarrod",Jarrod,Pickett,,,,,,
1331,"Pickett, Kysaiah",Kysaiah,Pickett,,,,,,
1332,"Pickett, Latrelle",Latrelle,Pickett,,,,,,
1333,"Pickett, Marlion",Marlion,Pickett,,,,,,
1334,"Pierce, Lewis",Lewis,Pierce,,,,,,
1335,"Pink, Toby",Toby,Pink,,,,,,
1336,"Pitt, Jayden",Jayden,Pitt,,,,,,
1337,"Pittard, Jasper",Jasper,Pittard,,,,,,
1338,"Pittonet, Marc",Marc,Pittonet,,,,,,
1339,"Plowman, Lachie",Lachie,Plowman,,,,,,
1340,"Podsiadly, James",James,Podsiadly,,,,,,
1341,"Poholke, Myles",Myles,Poholke,,,,,,
1342,"Polec, Jared",Jared,Polec,,,,,,
1343,"Polkinghorne, James",James,Polkinghorne,,,,,,
1344,"Polo, Dean",Dean,Polo,,,,,,
1345,"Polson, Cameron",Cameron,Polson,,,,,,
1346,"Porplyzia, Jason",Jason,Porplyzia,,,,,,
1347,"Porter, Callum",Callum,Porter,,,,,,
1348,"Post, Jayden",Jayden,Post,,,,,,
1349,"Poulter, Caleb",Caleb,Poulter,,,,,,
1350,"Powell, Tom",Tom,Powell,,,,,,
1351,"Powell, Wil",Wil,Powell,,,,,,
1352,"Powell-Pepper, Sam",Sam,Powell-Pepper,,,,,,
1353,"Power, Luke",Luke,Power,,,,,,
1354,"Prestia, Dion",Dion,Prestia,,,,,,
1355,"Preuss, Braydon",Braydon,Preuss,,,,,,
1356,"Priddis, Matt",Matt,Priddis,,,,,,
1357,"Prior, Jaxon",Jaxon,Prior,,,,,,
1358,"Prudden, Josh",Josh,Prudden,,,,,,
1359,"Puopolo, Paul",Paul,Puopolo,,,,,,
1360,"Pyke, Mike",Mike,Pyke,,,,,,
1361,"Quaynor, Isaac",Isaac,Quaynor,,,,,,
1362,"Rachele, Josh",Josh,Rachele,,,,,,
1363,"Raines, Andrew",Andrew,Raines,,,,,,
1364,"Ralphsmith, Hugo",Hugo,Ralphsmith,,,,,,
1365,"Ramm, Harrison",Harrison,Ramm,,,,,,
1366,"Rampe, Dane",Dane,Rampe,,,,,,
1367,"Ramsay, Jackson",Jackson,Ramsay,,,,,,
1368,"Ramsden, Max",Max,Ramsden,,,,,,
1369,"Rance, Alex",Alex,Rance,,,,,,
1370,"Rankine, Izak",Izak,Rankine,,,,,,
1371,"Rantall, Jay",Jay,Rantall,,,,,,
1372,"Ratugolea, Esava",Esava,Ratugolea,,,,,,
1373,"Rawlinson, Loch",Loch,Rawlinson,,,,,,
1374,"Ray, Farren",Farren,Ray,,,,,,
1375,"Rayner, Cam",Cam,Rayner,,,,,,
1376,"Read, Ethan",Ethan,Read,,,,,,
1377,"Redden, Jack",Jack,Redden,,,,,,
1378,"Redden, Jarrad",Jarrad,Redden,,,,,,
1379,"Redman, Mason",Mason,Redman,,,,,,
1380,"Redpath, Jack",Jack,Redpath,,,,,,
1381,"Reeves, Ned",Ned,Reeves,,,,,,
1382,"Reid, Archer",Archer,Reid,,,,,,
1383,"Reid, Ben",Ben,Reid,,,,,,
1384,"Reid, Harley",Harley,Reid,,,,,,
1385,"Reid, Murphy",Murphy,Reid,,,,,,
1386,"Reid, Nic",Nic,Reid,,,,,,
1387,"Reid, Sam",Sam,Reid,,,,,,
1388,"Reid, Zach",Zach,Reid,,,,,,
1389,"Reidy, Liam",Liam,Reidy,,,,,,
1390,"Reilly, Brent",Brent,Reilly,,,,,,
1391,"Reimers, Kyle",Kyle,Reimers,,,,,,
1392,"Renouf, Brent",Brent,Renouf,,,,,,
1393,"Retschko, Patrick",Patrick,Retschko,,,,,,
1394,"Reville, Bruce",Bruce,Reville,,,,,,
1395,"Riccardi, Jake",Jake,Riccardi,,,,,,
1396,"Rice, Bailey",Bailey,Rice,,,,,,
1397,"Rich, Daniel",Daniel,Rich,,,,,,
1398,"Richards, Ed",Ed,Richards,,,,,,
1399,"Richards, Joe",Joe,Richards,,,,,,
1400,"Richards, Ted",Ted,Richards,,,,,,
1401,"Richards, Xavier",Xavier,Richards,,,,,,
1402,"Ridley, Jordan",Jordan,Ridley,,,,,,
1403,"Riewoldt, Jack",Jack,Riewoldt,,,,,,
1404,"Riewoldt, Nick",Nick,Riewoldt,,,,,,
1405,"Riley, Aidan",Aidan,Riley,,,,,,
1406,"Rioli, Cyril",Cyril,Rioli,,,,,,
1407,"Rioli, Daniel",Daniel,Rioli,,,,,,
1408,"Rioli, Maurice",Maurice,Rioli,,,,,,
1409,"Rioli, Willie",Willie,Rioli,,,,,,
1410,"Rischitelli, Michael",Michael,Rischitelli,,,,,,
1411,"Rivers, Jared",Jared,Rivers,,,,,,
1412,"Rivers, Trent",Trent,Rivers,,,,,,
1413,"Roberton, Dylan",Dylan,Roberton,,,,,,
1414,"Roberts, Archie",Archie,Roberts,,,,,,
1415,"Roberts, Fletcher",Fletcher,Roberts,,,,,,
1416,"Roberts, Matt",Matt,Roberts,,,,,,
1417,"Roberts-Thomson, Lewis",Lewis,Roberts-Thomson,,,,,,
1418,"Robertson, Deven",Deven,Robertson,,,,,,
1419,"Robertson, Nick",Nick,Robertson,,,,,,
1420,"Robey, Sullivan",Sullivan,Robey,,,,,,
1421,"Robinson, Dan",Dan,Robinson,,,,,,
1422,"Robinson, Mitch",Mitch,Robinson,,,,,,
1423,"Rockliff, Tom",Tom,Rockliff,,,,,,
1424,"Rodan, David",David,Rodan,,,,,,
1425,"Rogers, Jake",Jake,Rogers,,,,,,
1426,"Rohan, Gary",Gary,Rohan,,,,,,
1427,"Ronke, Ben",Ben,Ronke,,,,,,
1428,"Rosa, Matt",Matt,Rosa,,,,,,
1429,"Rosas, Malcolm",Malcolm,Rosas,,,,,,
1430,"Rose, James",James,Rose,,,,,,
1431,"Ross, Ben",Ben,Ross,,,,,,
1432,"Ross, Jack",Jack,Ross,,,,,,
1433,"Ross, Sebastian",Sebastian,Ross,,,,,,
1434,"Rotham, Josh",Josh,Rotham,,,,,,
1435,"Roughead, Jarryd",Jarryd,Roughead,,,,,,
1436,"Roughead, Jordan",Jordan,Roughead,,,,,,
1437,"Rounds, Luke",Luke,Rounds,,,,,,
1438,"Rowbottom, James",James,Rowbottom,,,,,,
1439,"Rowe, James",James,Rowe,,,,,,
1440,"Rowe, Sam",Sam,Rowe,,,,,,
1441,"Rowell, Matt",Matt,Rowell,,,,,,
1442,"Rowston, Harry",Harry,Rowston,,,,,,
1443,"Rozee, Connor",Connor,Rozee,,,,,,
1444,"Ruggles, Tom",Tom,Ruggles,,,,,,
1445,"Ruscoe, Trey",Trey,Ruscoe,,,,,,
1446,"Russell, Jordan",Jordan,Russell,,,,,,
1447,"Russell, Luke",Luke,Russell,,,,,,
1448,"Rutten, Ben",Ben,Rutten,,,,,,
1449,"Ryan, Brandon",Brandon,Ryan,,,,,,
1450,"Ryan, Jakob",Jakob,Ryan,,,,,,
1451,"Ryan, Liam",Liam,Ryan,,,,,,
1452,"Ryan, Luke",Luke,Ryan,,,,,,
1453,"Ryan, Samson",Samson,Ryan,,,,,,
1454,"Ryder, Paddy",Paddy,Ryder,,,,,,
1455,"Saad, Adam",Adam,Saad,,,,,,
1456,"Saad, Ahmed",Ahmed,Saad,,,,,,
1457,"Salem, Christian",Christian,Salem,,,,,,
1458,"Sanders, Ryley",Ryley,Sanders,,,,,,
1459,"Sandilands, Aaron",Aaron,Sandilands,,,,,,
1460,"Saunders, Jack",Jack,Saunders,,,,,,
1461,"Saunders, Josh",Josh,Saunders,,,,,,
1462,"Savage, Shane",Shane,Savage,,,,,,
1463,"Scarlett, Matthew",Matthew,Scarlett,,,,,,
1464,"Scerri, Chris",Chris,Scerri,,,,,,
1465,"Schache, Josh",Josh,Schache,,,,,,
1466,"Schade, Henry",Henry,Schade,,,,,,
1467,"Scharenberg, Matt",Matt,Scharenberg,,,,,,
1468,"Scheer, Brad",Brad,Scheer,,,,,,
1469,"Schneider, Adam",Adam,Schneider,,,,,,
1470,"Schoenberg, Harry",Harry,Schoenberg,,,,,,
1471,"Schoenfeld, Josh",Josh,Schoenfeld,,,,,,
1472,"Schoenmaker, Arie",Arie,Schoenmaker,,,,,,
1473,"Schoenmakers, Ryan",Ryan,Schoenmakers,,,,,,
1474,"Schofield, Will",Will,Schofield,,,,,,
1475,"Schroder, Jordan",Jordan,Schroder,,,,,,
1476,"Schultz, Lachie",Lachie,Schultz,,,,,,
1477,"Schulz, Jay",Jay,Schulz,,,,,,
1478,"Schulz, Sam",Sam,Schulz,,,,,,
1479,"Schumacher, Angus",Angus,Schumacher,,,,,,
1480,"Scotland, Heath",Heath,Scotland,,,,,,
1481,"Scott, Anthony",Anthony,Scott,,,,,,
1482,"Scott, Bailey",Bailey,Scott,,,,,,
1483,"Scrimshaw, Jack",Jack,Scrimshaw,,,,,,
1484,"Scully, Tom",Tom,Scully,,,,,,
1485,"Seaby, Mark",Mark,Seaby,,,,,,
1486,"Seedsman, Paul",Paul,Seedsman,,,,,,
1487,"Sellar, James",James,Sellar,,,,,,
1488,"Sellers, Tyler",Tyler,Sellers,,,,,,
1489,"Sellwood, Michael",Michael,Sellwood,,,,,,
1490,"Selwood, Adam",Adam,Selwood,,,,,,
1491,"Selwood, Joel",Joel,Selwood,,,,,,
1492,"Selwood, Scott",Scott,Selwood,,,,,,
1493,"Serong, Caleb",Caleb,Serong,,,,,,
1494,"Serong, Jai",Jai,Serong,,,,,,
1495,"Setterfield, Will",Will,Setterfield,,,,,,
1496,"Sewell, Brad",Brad,Sewell,,,,,,
1497,"Sexton, Alex",Alex,Sexton,,,,,,
1498,"Shanahan, Jobe",Jobe,Shanahan,,,,,,
1499,"Sharman, Cooper",Cooper,Sharman,,,,,,
1500,"Sharp, Dyson",Dyson,Sharp,,,,,,
1501,"Sharp, Harry",Harry,Sharp,,,,,,
1502,"Sharp, Jeremy",Jeremy,Sharp,,,,,,
1503,"Shaw, Heath",Heath,Shaw,,,,,,
1504,"Shaw, Matt",Matt,Shaw,,,,,,
1505,"Shaw, Rhyce",Rhyce,Shaw,,,,,,
1506,"Shaw, Sam",Sam,Shaw,,,,,,
1507,"Sheather, Marc",Marc,Sheather,,,,,,
1508,"Sheed, Dom",Dom,Sheed,,,,,,
1509,"Sheehan, Ciaran",Ciaran,Sheehan,,,,,,
1510,"Sheezel, Harry",Harry,Sheezel,,,,,,
1511,"Sheldon, Sam",Sam,Sheldon,,,,,,
1512,"Sheldrick, Angus",Angus,Sheldrick,,,,,,
1513,"Shenton, Cameron",Cameron,Shenton,,,,,,
1514,"Sheppard, Brad",Brad,Sheppard,,,,,,
1515,"Sheridan, Tom",Tom,Sheridan,,,,,,
1516,"Sheringham, Jackson",Jackson,Sheringham,,,,,,
1517,"Sherman, Justin",Justin,Sherman,,,,,,
1518,"Shiel, Dylan",Dylan,Shiel,,,,,,
1519,"Shiels, Liam",Liam,Shiels,,,,,,
1520,"Shipley, Nick",Nick,Shipley,,,,,,
1521,"Sholl, Lachlan",Lachlan,Sholl,,,,,,
1522,"Short, Jayden",Jayden,Short,,,,,,
1523,"Shuey, Luke",Luke,Shuey,,,,,,
1524,"Sicily, James",James,Sicily,,,,,,
1525,"Sidebottom, Steele",Steele,Sidebottom,,,,,,
1526,"Sier, Brayden",Brayden,Sier,,,,,,
1527,"Sierakowski, Will",Will,Sierakowski,,,,,,
1528,"Silvagni, Alex",Alex,Silvagni,,,,,,
1529,"Silvagni, Jack",Jack,Silvagni,,,,,,
1530,"Simpkin, Jonathan",Jonathan,Simpkin,,,,,,
1531,"Simpkin, Jy",Jy,Simpkin,,,,,,
1532,"Simpkin, Tom",Tom,Simpkin,,,,,,
1533,"Simpson, Cooper",Cooper,Simpson,,,,,,
1534,"Simpson, Dawson",Dawson,Simpson,,,,,,
1535,"Simpson, Josh",Josh,Simpson,,,,,,
1536,"Simpson, Kade",Kade,Simpson,,,,,,
1537,"Simpson, Sam",Sam,Simpson,,,,,,
1538,"Sims, Tom",Tom,Sims,,,,,,
1539,"Sinclair, Ben",Ben,Sinclair,,,,,,
1540,"Sinclair, Callum",Callum,Sinclair,,,,,,
1541,"Sinclair, Jack",Jack,Sinclair,,,,,,
1542,"Sinn, Josh",Josh,Sinn,,,,,,
1543,"Siposs, Arryn",Arryn,Siposs,,,,,,
1544,"Skinner, Sam",Sam,Skinner,,,,,,
1545,"Skinner, Zephaniah",Zephaniah,Skinner,,,,,,
1546,"Slattery, Henry",Henry,Slattery,,,,,,
1547,"Sloane, Rory",Rory,Sloane,,,,,,
1548,"Smartt, Oskar",Oskar,Smartt,,,,,,
1549,"Smedts, Billie",Billie,Smedts,,,,,,
1550,"Smith, Archie",Archie,Smith,,,,,,
1551,"Smith, Ashley",Ashley,Smith,,,,,,
1552,"Smith, Bailey",Bailey,Smith,,,,,,
1553,"Smith, Brodie",Brodie,Smith,,,,,,
1554,"Smith, Clay",Clay,Smith,,,,,,
1555,"Smith, Clem",Clem,Smith,,,,,,
1556,"Smith, Devon",Devon,Smith,,,,,,
1557,"Smith, Henry",Henry,Smith,,,,,,
1558,"Smith, Isaac",Isaac,Smith,,,,,,
1559,"Smith, Jagga",Jagga,Smith,,,,,,
1560,"Smith, Joel",Joel,Smith,,,,,,
1561,"Smith, Josh",Josh,Smith,,,,,,
1562,"Smith, Kaleb",Kaleb,Smith,,,,,,
1563,"Smith, Lachlan",Lachlan,Smith,,,,,,
1564,"Smith, Nick",Nick,Smith,,,,,,
1565,"Smith, Roarke",Roarke,Smith,,,,,,
1566,"Smith, Tanner",Tanner,Smith,,,,,,
1567,"Smith, Tim",Tim,Smith,,,,,,
1568,"Smith, Zac",Zac,Smith,,,,,,
1569,"Snelling, Will",Will,Snelling,,,,,,
1570,"Soldo, Ivan",Ivan,Soldo,,,,,,
1571,"Soligo, Jake",Jake,Soligo,,,,,,
1572,"Sonsie, Tyler",Tyler,Sonsie,,,,,,
1573,"Spangher, Matthew",Matthew,Spangher,,,,,,
1574,"Spargo, Charlie",Charlie,Spargo,,,,,,
1575,"Sparrow, Tom",Tom,Sparrow,,,,,,
1576,"Spencer, Jake",Jake,Spencer,,,,,,
1577,"Spencer, Max",Max,Spencer,,,,,,
1578,"Spicer, Phoenix",Phoenix,Spicer,,,,,,
1579,"Sproule, Zach",Zach,Sproule,,,,,,
1580,"Spurr, Lee",Lee,Spurr,,,,,,
1581,"Stack, Sydney",Sydney,Stack,,,,,,
1582,"Staker, Brent",Brent,Staker,,,,,,
1583,"Stanley, Danny",Danny,Stanley,,,,,,
1584,"Stanley, Ethan",Ethan,Stanley,,,,,,
1585,"Stanley, Rhys",Rhys,Stanley,,,,,,
1586,"Stanton, Brent",Brent,Stanton,,,,,,
1587,"Starcevich, Brandon",Brandon,Starcevich,,,,,,
1588,"Steele, Jack",Jack,Steele,,,,,,
1589,"Steele, Roan",Roan,Steele,,,,,,
1590,"Steene, Oscar",Oscar,Steene,,,,,,
1591,"Stein, Jake",Jake,Stein,,,,,,
1592,"Steinberg, Ariel",Ariel,Steinberg,,,,,,
1593,"Stengle, Tyson",Tyson,Stengle,,,,,,
1594,"Stephens, Cooper",Cooper,Stephens,,,,,,
1595,"Stephens, Dylan",Dylan,Stephens,,,,,,
1596,"Stephenson, Jaidyn",Jaidyn,Stephenson,,,,,,
1597,"Stephenson, Orren",Orren,Stephenson,,,,,,
1598,"Steven, Jack",Jack,Steven,,,,,,
1599,"Stevens, George",George,Stevens,,,,,,
1600,"Stevens, Koby",Koby,Stevens,,,,,,
1601,"Stevenson, Lewis",Lewis,Stevenson,,,,,,
1602,"Stewart, Daniel",Daniel,Stewart,,,,,,
1603,"Stewart, James",James,Stewart,,,,,,
1604,"Stewart, Kade",Kade,Stewart,,,,,,
1605,"Stewart, Paul",Paul,Stewart,,,,,,
1606,"Stewart, Tom",Tom,Stewart,,,,,,
1607,"Stiller, Cheynee",Cheynee,Stiller,,,,,,
1608,"Stocker, Liam",Liam,Stocker,,,,,,
1609,"Stoddart, Ryley",Ryley,Stoddart,,,,,,
1610,"Stokes, Mathew",Mathew,Stokes,,,,,,
1611,"Stone, Conor",Conor,Stone,,,,,,
1612,"Strachan, Kieran",Kieran,Strachan,,,,,,
1613,"Stratton, Ben",Ben,Stratton,,,,,,
1614,"Strauss, James",James,Strauss,,,,,,
1615,"Stretch, Billy",Billy,Stretch,,,,,,
1616,"Strijk, Andrew",Andrew,Strijk,,,,,,
1617,"Stringer, Jake",Jake,Stringer,,,,,,
1618,"Stringer, Jesse",Jesse,Stringer,,,,,,
1619,"Strnadica, Luke",Luke,Strnadica,,,,,,
1620,"Sturt, Sam",Sam,Sturt,,,,,,
1621,"Suban, Nick",Nick,Suban,,,,,,
1622,"Suckling, Matt",Matt,Suckling,,,,,,
1623,"Sullivan, Lachlan",Lachlan,Sullivan,,,,,,
1624,"Sumner, Liam",Liam,Sumner,,,,,,
1625,"Sumner, Timmy",Timmy,Sumner,,,,,,
1626,"Surjan, Jacob",Jacob,Surjan,,,,,,
1627,"Sutcliffe, Cam",Cam,Sutcliffe,,,,,,
1628,"Swallow, Andrew",Andrew,Swallow,,,,,,
1629,"Swallow, David",David,Swallow,,,,,,
1630,"Swan, Dane",Dane,Swan,,,,,,
1631,"Sweet, Jordon",Jordon,Sweet,,,,,,
1632,"Swift, Tom",Tom,Swift,,,,,,
1633,"Switkowski, Sam",Sam,Switkowski,,,,,,
1634,"Sylvia, Colin",Colin,Sylvia,,,,,,
1635,"Symes, Brad",Brad,Symes,,,,,,
1636,"Taberner, Matthew",Matthew,Taberner,,,,,,
1637,"Talia, Daniel",Daniel,Talia,,,,,,
1638,"Talia, Michael",Michael,Talia,,,,,,
1639,"Tambling, Richard",Richard,Tambling,,,,,,
1640,"Tape, Seb",Seb,Tape,,,,,,
1641,"Tapscott, Luke",Luke,Tapscott,,,,,,
1642,"Taranto, Tim",Tim,Taranto,,,,,,
1643,"Tarrant, Chris",Chris,Tarrant,,,,,,
1644,"Tarrant, Robbie",Robbie,Tarrant,,,,,,
1645,"Tauru, Alix",Alix,Tauru,,,,,,
1646,"Taylor, Curtis",Curtis,Taylor,,,,,,
1647,"Taylor, Elijah",Elijah,Taylor,,,,,,
1648,"Taylor, Harry",Harry,Taylor,,,,,,
1649,"Taylor, Jeremy",Jeremy,Taylor,,,,,,
1650,"Taylor, Lewis",Lewis,Taylor,,,,,,
1651,"Taylor, Sam",Sam,Taylor,,,,,,
1652,"Taylor, Xavier",Xavier,Taylor,,,,,,
1653,"Taylor, Zac",Zac,Taylor,,,,,,
1654,"Teakle, Brynn",Brynn,Teakle,,,,,,
1655,"Templeton, Eli",Eli,Templeton,,,,,,
1656,"Terlich, Dean",Dean,Terlich,,,,,,
1657,"Thilthorpe, Riley",Riley,Thilthorpe,,,,,,
1658,"Tholstrup, Koltyn",Koltyn,Tholstrup,,,,,,
1659,"Thomas, Dale",Dale,Thomas,,,,,,
1660,"Thomas, Harvey",Harvey,Thomas,,,,,,
1661,"Thomas, Josh",Josh,Thomas,,,,,,
1662,"Thomas, Lindsay",Lindsay,Thomas,,,,,,
1663,"Thomas, Matt",Matt,Thomas,,,,,,
1664,"Thomas, Tarryn",Tarryn,Thomas,,,,,,
1665,"Thompson, Luke",Luke,Thompson,,,,,,
1666,"Thompson, Rory",Rory,Thompson,,,,,,
1667,"Thompson, Scott",Scott,Thompson,,,,,,
1668,"Thornton, Bret",Bret,Thornton,,,,,,
1669,"Thurlow, Jackson",Jackson,Thurlow,,,,,,
1670,"Tippett, Joel",Joel,Tippett,,,,,,
1671,"Tippett, Kurt",Kurt,Tippett,,,,,,
1672,"Tohill, Anton",Anton,Tohill,,,,,,
1673,"Tomlinson, Adam",Adam,Tomlinson,,,,,,
1674,"Toovey, Alan",Alan,Toovey,,,,,,
1675,"Toumpas, Jimmy",Jimmy,Toumpas,,,,,,
1676,"Towers, Dean",Dean,Towers,,,,,,
1677,"Townsend, Jacob",Jacob,Townsend,,,,,,
1678,"Toy, Josh",Josh,Toy,,,,,,
1679,"Trainor, Luke",Luke,Trainor,,,,,,
1680,"Travaglia, Tobie",Tobie,Travaglia,,,,,,
1681,"Treacy, Josh",Josh,Treacy,,,,,,
1682,"Treloar, Adam",Adam,Treloar,,,,,,
1683,"Trembath, Cooper",Cooper,Trembath,,,,,,
1684,"Trengove, Jack",Jack,Trengove,,,,,,
1685,"Trengove, Jackson",Jackson,Trengove,,,,,,
1686,"Trew, Zane",Zane,Trew,,,,,,
1687,"Trezise, James",James,Trezise,,,,,,
1688,"Tsatas, Elijah",Elijah,Tsatas,,,,,,
1689,"Tsitas, James",James,Tsitas,,,,,,
1690,"Tuck, Shane",Shane,Tuck,,,,,,
1691,"Tucker, Darcy",Darcy,Tucker,,,,,,
1692,"Tunbridge, Simon",Simon,Tunbridge,,,,,,
1693,"Tunstill, James",James,Tunstill,,,,,,
1694,"Tuohy, Zach",Zach,Tuohy,,,,,,
1695,"Turner, Daniel",Daniel,Turner,,,,,,
1696,"Turner, Kayne",Kayne,Turner,,,,,,
1697,"Tutt, Jason",Jason,Tutt,,,,,,
1698,"Tynan, Josh",Josh,Tynan,,,,,,
1699,"Tyson, Dom",Dom,Tyson,,,,,,
1700,"Ugle, Gerald",Gerald,Ugle,,,,,,
1701,"Ugle, Kirk",Kirk,Ugle,,,,,,
1702,"Ugle-Hagan, Jamarra",Jamarra,Ugle-Hagan,,,,,,
1703,"Unwin, Rhys",Rhys,Unwin,,,,,,
1704,"Uwland, Bodhi",Bodhi,Uwland,,,,,,
1705,"Uwland, Zeke",Zeke,Uwland,,,,,,
1706,"Vandenberg, Aaron",Aaron,Vandenberg,,,,,,
1707,"Vandermeer, Laitham",Laitham,Vandermeer,,,,,,
1708,"Varcoe, Travis",Travis,Varcoe,,,,,,
1709,"Vardy, Nathan",Nathan,Vardy,,,,,,
1710,"Venables, Daniel",Daniel,Venables,,,,,,
1711,"Veszpremi, Patrick",Patrick,Veszpremi,,,,,,
1712,"Vickers-Willis, Ed",Ed,Vickers-Willis,,,,,,
1713,"Vickery, Ty",Ty,Vickery,,,,,,
1714,"Vince, Bernie",Bernie,Vince,,,,,,
1715,"Viney, Jack",Jack,Viney,,,,,,
1716,"Visentini, Dante",Dante,Visentini,,,,,,
1717,"Visentini, Vigo",Vigo,Visentini,,,,,,
1718,"Vlastuin, Nick",Nick,Vlastuin,,,,,,
1719,"Voss, Patrick",Patrick,Voss,,,,,,
1720,"Wagner, Corey",Corey,Wagner,,,,,,
1721,"Wagner, Josh",Josh,Wagner,,,,,,
1722,"Waite, Jarrad",Jarrad,Waite,,,,,,
1723,"Walker, Andrew",Andrew,Walker,,,,,,
1724,"Walker, Brandon",Brandon,Walker,,,,,,
1725,"Walker, Josh",Josh,Walker,,,,,,
1726,"Walker, Taylor",Taylor,Walker,,,,,,
1727,"Walker, Will",Will,Walker,,,,,,
1728,"Wallis, Mitch",Mitch,Wallis,,,,,,
1729,"Walsh, Brad",Brad,Walsh,,,,,,
1730,"Walsh, Sam",Sam,Walsh,,,,,,
1731,"Walsh, Tommy",Tommy,Walsh,,,,,,
1732,"Walter, Jed",Jed,Walter,,,,,,
1733,"Walters, Michael",Michael,Walters,,,,,,
1734,"Wanganeen, Derick",Derick,Wanganeen,,,,,,
1735,"Wanganeen, Tex",Tex,Wanganeen,,,,,,
1736,"Wanganeen-Milera, Nasiah",Nasiah,Wanganeen-Milera,,,,,,
1737,"Ward, Callan",Callan,Ward,,,,,,
1738,"Ward, Josh",Josh,Ward,,,,,,
1739,"Wardlaw, George",George,Wardlaw,,,,,,
1740,"Warner, Chad",Chad,Warner,,,,,,
1741,"Warner, Corey",Corey,Warner,,,,,,
1742,"Warnock, Matthew",Matthew,Warnock,,,,,,
1743,"Warnock, Robert",Robert,Warnock,,,,,,
1744,"Warren, Ben",Ben,Warren,,,,,,
1745,"Warren, Max",Max,Warren,,,,,,
1746,"Waterman, Alec",Alec,Waterman,,,,,,
1747,"Waterman, Jake",Jake,Waterman,,,,,,
1748,"Waters, Beau",Beau,Waters,,,,,,
1749,"Watkins, Jack",Jack,Watkins,,,,,,
1750,"Watson, Francis",Francis,Watson,,,,,,
1751,"Watson, Jobe",Jobe,Watson,,,,,,
1752,"Watson, Matthew",Matthew,Watson,,,,,,
1753,"Watson, Nick",Nick,Watson,,,,,,
1754,"Watson, Tobe",Tobe,Watson,,,,,,
1755,"Watts, Jack",Jack,Watts,,,,,,
1756,"Webb, Lukas",Lukas,Webb,,,,,,
1757,"Webberley, Jeromey",Jeromey,Webberley,,,,,,
1758,"Webster, Jimmy",Jimmy,Webster,,,,,,
1759,"Weddle, Josh",Josh,Weddle,,,,,,
1760,"Wehr, Jacob",Jacob,Wehr,,,,,,
1761,"Weideman, Sam",Sam,Weideman,,,,,,
1762,"Weightman, Cody",Cody,Weightman,,,,,,
1763,"Weitering, Jacob",Jacob,Weitering,,,,,,
1764,"Weller, Lachie",Lachie,Weller,,,,,,
1765,"Weller, Maverick",Maverick,Weller,,,,,,
1766,"Wellingham, Sharrod",Sharrod,Wellingham,,,,,,
1767,"Wells, Daniel",Daniel,Wells,,,,,,
1768,"West, Charlie",Charlie,West,,,,,,
1769,"West, Connor",Connor,West,,,,,,
1770,"West, Rhylee",Rhylee,West,,,,,,
1771,"West, Trent",Trent,West,,,,,,
1772,"Western, Joel",Joel,Western,,,,,,
1773,"Westhoff, Justin",Justin,Westhoff,,,,,,
1774,"Whiley, Mark",Mark,Whiley,,,,,,
1775,"White, Brandon",Brandon,White,,,,,,
1776,"White, Jesse",Jesse,White,,,,,,
1777,"White, Matt",Matt,White,,,,,,
1778,"White, Mitch",Mitch,White,,,,,,
1779,"White, Simon",Simon,White,,,,,,
1780,"White, Spencer",Spencer,White,,,,,,
1781,"White, Will",Will,White,,,,,,
1782,"Whitecross, Brendan",Brendan,Whitecross,,,,,,
1783,"Whitfield, Lachie",Lachie,Whitfield,,,,,,
1784,"Whitlock, Jack",Jack,Whitlock,,,,,,
1785,"Whitlock, Matt",Matt,Whitlock,,,,,,
1786,"Whyte, Cooper",Cooper,Whyte,,,,,,
1787,"Wicks, Sam",Sam,Wicks,,,,,,
1788,"Wilkie, Callum",Callum,Wilkie,,,,,,
1789,"Wilkinson, Joel",Joel,Wilkinson,,,,,,
1790,"William, Reuben",Reuben,William,,,,,,
1791,"Williams, Bailey",Bailey,Williams,,,,,,
1792,"Williams, Dylan",Dylan,Williams,,,,,,
1793,"Williams, Jack",Jack,Williams,,,,,,
1794,"Williams, Josh",Josh,Williams,,,,,,
1795,"Williams, Marley",Marley,Williams,,,,,,
1796,"Williams, Tom",Tom,Williams,,,,,,
1797,"Williams, Zac",Zac,Williams,,,,,,
1798,"Williamson, Tom",Tom,Williamson,,,,,,
1799,"Willis, Mackenzie",Mackenzie,Willis,,,,,,
1800,"Wills, Rupert",Rupert,Wills,,,,,,
1801,"Willsmore, Dallas",Dallas,Willsmore,,,,,,
1802,"Wilmot, Darcy",Darcy,Wilmot,,,,,,
1803,"Wilson, Billy",Billy,Wilson,,,,,,
1804,"Wilson, Blayne",Blayne,Wilson,,,,,,
1805,"Wilson, Darcy",Darcy,Wilson,,,,,,
1806,"Wilson, Nathan",Nathan,Wilson,,,,,,
1807,"Wilson, Patrick",Patrick,Wilson,,,,,,
1808,"Wilson, Tom",Tom,Wilson,,,,,,
1809,"Wiltshire, Oliver",Oliver,Wiltshire,,,,,,
1810,"Winder, Isiah",Isiah,Winder,,,,,,
1811,"Winderlich, Jason",Jason,Winderlich,,,,,,
1812,"Windhager, Marcus",Marcus,Windhager,,,,,,
1813,"Windsor, Caleb",Caleb,Windsor,,,,,,
1814,"Wines, Ollie",Ollie,Wines,,,,,,
1815,"Wingard, Chad",Chad,Wingard,,,,,,
1816,"Witherden, Alex",Alex,Witherden,,,,,,
1817,"Witts, Jarrod",Jarrod,Witts,,,,,,
1818,"Woewodin, Taj",Taj,Woewodin,,,,,,
1819,"Wojcinski, David",David,Wojcinski,,,,,,
1820,"Wood, Cameron",Cameron,Wood,,,,,,
1821,"Wood, Easton",Easton,Wood,,,,,,
1822,"Wood, Mason",Mason,Wood,,,,,,
1823,"Woodcock, Boyd",Boyd,Woodcock,,,,,,
1824,"Woodward, Alex",Alex,Woodward,,,,,,
1825,"Worner, Karl",Karl,Worner,,,,,,
1826,"Worpel, James",James,Worpel,,,,,,
1827,"Worrell, Josh",Josh,Worrell,,,,,,
1828,"Wright, Matthew",Matthew,Wright,,,,,,
1829,"Wright, Nathan",Nathan,Wright,,,,,,
1830,"Wright, Peter",Peter,Wright,,,,,,
1831,"Wright, Sam",Sam,Wright,,,,,,
1832,"Wrigley, Stephen",Stephen,Wrigley,,,,,,
1833,"Xerri, Tristan",Tristan,Xerri,,,,,,
1834,"Yagmoor, Peter",Peter,Yagmoor,,,,,,
1835,"Yarran, Chris",Chris,Yarran,,,,,,
1836,"Yarran, Shane",Shane,Yarran,,,,,,
1837,"Yeo, Elliot",Elliot,Yeo,,,,,,
1838,"Young, Aaron",Aaron,Young,,,,,,
1839,"Young, Clinton",Clinton,Young,,,,,,
1840,"Young, Flynn",Flynn,Young,,,,,,
1841,"Young, Hayden",Hayden,Young,,,,,,
1842,"Young, Lachie",Lachie,Young,,,,,,
1843,"Young, Lewis",Lewis,Young,,,,,,
1844,"Young, Robbie",Robbie,Young,,,,,,
1845,"Young, Tom",Tom,Young,,,,,,
1846,"Young, Tylar",Tylar,Young,,,,,,
1847,"Zadow, Mitch",Mitch,Zadow,,,,,,
1848,"Zaharakis, David",David,Zaharakis,,,,,,
1849,"Zakostelsky, Zane",Zane,Zakostelsky,,,,,,
1850,"Zerk-Thatcher, Brandon",Brandon,Zerk-Thatcher,,,,,,
1851,"Ziebell, Jack",Jack,Ziebell,,,,,,
1852,"Zorko, Dayne",Dayne,Zorko,,,,,,
1853,"Zurhaar, Cameron",Cameron,Zurhaar,,,,,,
1854,"de Boer, Matt",Matt,de Boer,,,,,,
1855,"de Goey, Jordan",Jordan,de Goey,,,,,,
1856,"van Berlo, Jay",Jay,van Berlo,,,,,,
1857,"van Berlo, Nathan",Nathan,van Berlo,,,,,,
1858,"van Rooyen, Jacob",Jacob,van Rooyen,,,,,,
1859,"van Unen, Dylan",Dylan,van Unen,,,,,,
